ID,CNPJ,CGF,EMPRESA,MUNICÍPIO,CNAE (ATIVIDADE PRINCIPAL),DATA INÍCIO,VIGÊNCIA,PROGRAMA,EMPREGOS PI,OBS,Status,Parceira SPE
74,3884180000100,6.304.353-0,AARON INDUSTRIA DE ROTULOS E ETIQUETAS ADESIVAS S.A.,EUSÉBIO,"17.41-9-02 - Fabricação de produtos de papel, cartolina, papel cartão e papelão ondulado para uso comercial e de escritório, exceto formulário contínuo",30/06/2003,31/12/2032,PROVIN,63,-,Em andamento,SIM
34,7557333001056,6.358.125-6,AÇO CEARENSE COMERCIAL LTDA                                 ,CAUCAIA,"46.85-1-00 - Comércio atacadista de produtos siderúrgicos e metalúrgicos, exceto para construção",30/11/2013,31/12/2027,PCDM,16,-,Em andamento,NÃO
51,990842000138,6.965.086-1,AÇO CEARENSE INDUSTRIAL LTDA,CAUCAIA,24.31-8-00 - Produção de tubos de aço com costura,31/03/1997,31/12/2032,PROADE,180,-,Em andamento,NÃO
44,990842000308,6.188.473-1,AÇO CEARENSE INDUSTRIAL LTDA,CAUCAIA,24.31-8-00 - Produção de tubos de aço com costura,30/04/2006,31/12/2032,PROADE,90,-,Em andamento,NÃO
336,10567693000152,6.377.505-0,ADEL COCO BRASIL INDUSTRIA E COMERCIO LTDA,TRAIRI,10.31-7-00 - Fabricação de conservas de frutas,31/05/2010,30/04/2030,PROVIN,352,-,Em andamento,SIM
245,42340749000128,6.372.197-0,ADVENTURES OFF ROAD EMPREENDIMENTOS AUTOMOTIVOS S.A.,MARACANAÚ,"29.10-7-01 - Fabricação de automóveis, camionetas e utilitários",31/08/2025,31/12/2032,PROVIN,77,-,Em andamento,NÃO
55,12528708000441,6.300.658-8,AERIS INDUSTRIA E COMERCIO DE EQUIPAMENTOS PARA GERACAO DE ENERGIA S.A,CAUCAIA,"27.10-4-01 - Fabricação de geradores de corrente contínua e alternada, peças e acessórios",28/02/2022,31/01/2032,PIER,651,-,Em andamento,NÃO
52,12528708000107,6.411.919-0,AERIS INDUSTRIA E COMERCIO DE EQUIPAMENTOS PARA GERACAO DE ENERGIA S/A,CAUCAIA,"27.10-4-01 - Fabricação de geradores de corrente contínua e alternada, peças e acessórios",30/06/2012,31/05/2032,PIER,340,-,Em andamento,SIM
107,7157605000130,6.138.039-3,AGATEK INDUSTRIA E COMERCIO LTDA,FORTALEZA,22.29-3-99 - Fabricação de artefatos de material plástico para outros usos não especificados anteriormente,31/12/2006,30/11/2029,PROVIN,74,-,Em andamento,SIM
172,5373212000995,6.198.201-6,AGROPAULO AGROINDUSTRIAL S/A,JAGUARUANA,01.61-0-99 - Atividades de apoio à agricultura não especificadas anteriormente,31/12/2006,31/07/2027,PROVIN,260,-,Em andamento,SIM
265,4611905000159,6.314.875-7,AGUIA INDUSTRIA E COMERCIO DE MOVEIS LTDA,MARCO,31.01-2-00 - Fabricação de móveis com predominância de madeira,31/05/2015,30/04/2027,PROVIN,118,-,Em andamento,NÃO
128,37170760000157,6.257.363-2,AGUIAR INDÚSTRIA E COMÉRCIO DE AÇO LTDA,GRANJA,"24.24-5-02 - Produção de relaminados, trefilados e perfilados de aço, exceto arames",31/01/2025,31/12/2032,PROVIN,30,-,Em andamento,SIM
201,36336372000130,6.137.239-0,ALFPACK INDUSTRIA E COMERCIO DE EMBALAGENS LTDA,MARACANAÚ,17.31-1-00 - Fabricação de embalagens de papel,31/03/2022,28/02/2030,PROVIN,50,-,Em andamento,NÃO
278,14980121000151,6.611.395-4,ALLIANCE QUÍMICA INDUSTRIA E COMERCIO LTDA,PACATUBA,20.11-8-00 - Fabricação de cloro e álcalis,30/04/2015,31/03/2031,PROVIN,20,-,Em andamento,NÃO
156,13767601000176,6.493.321-0,ALLQUIMICA INDUSTRIA E COMERCIO DE TINTAS S/A,ITAITINGA,"20.71-1-00 - Fabricação de tintas, vernizes, esmaltes e lacas",31/03/2019,28/02/2029,PROVIN,57,-,Em andamento,SIM
160,14938710000171,6.592.722-2,ALPHA MOTION INDUSTRIA DE MOLEJOS DO NORDESTE LTDA.,ITAITINGA,31.02-1-00 - Fabricação de móveis com predominância de metal,31/12/2016,30/11/2026,PROVIN,260,-,Em andamento,SIM
64,1483689000204,6.982.803-2,ALUMINIO LUZIE IMPORTACAO E EXPORTACAO LTDA,CRATO,25.93-4-00 - Fabricação de artigos de metal para uso doméstico e pessoal,30/06/1997,31/05/2027,PROVIN,200,-,Em andamento,NÃO
274,10483444000260,6.871.946-9,ALVOAR LACTEOS NORDESTE S/A,MORADA NOVA,10.52-0-00 - Fabricação de laticínios,31/07/2004,31/03/2031,PROVIN,40,-,Em andamento,NÃO
322,9177724000341,6.731.114-8,AMAZON TEMPER INDUSTRIA E COMERCIO DE VIDROS TEMPERADOS LTDA,SOBRAL,23.11-7-00 - Fabricação de vidro plano e de segurança,31/12/2022,30/11/2032,PROVIN,250,-,Em andamento,SIM
4,9177724000180,6.355.290-6,AMAZON TEMPER INDÚSTRIA E COMÉRCIO DE VIDROS TEMPERADOS LTDA,AQUIRAZ,23.11-7-00 - Fabricação de vidro plano e de segurança,31/05/2011,30/04/2026,PROVIN,76,-,Em andamento,NÃO
12,7526557000886,6.315.393-9,AMBEV S.A.,AQUIRAZ,11.13-5-02 - Fabricação de cervejas e chopes,31/08/2009,31/12/2032,PROVIN,800,-,Em andamento,NÃO
192,16625236000153,6.615.845-1,AMBIPAR ENVIRONMENT CIRCULAR ECONOMY NORDESTE LTDA,JUAZEIRO DO NORTE,20.31-2-00 - Fabricação de resinas termoplásticas,31/07/2022,30/06/2032,PROVIN,150,-,Em andamento,SIM
193,8143344000323,6.238.249-7,AMBIPAR ENVIRONMENT ECONOMIA CIRCULAR NORDESTE S.A.,JUAZEIRO DO NORTE,46.87-7-03 - Comércio atacadista de resíduos e sucatas metálicos,01/08/2021,31/12/2028,PCDM,100,-,Em andamento,NÃO
329,22553497000108,6.661.570-4,ANA ROCHELLE SOUSA ROCHA EIRELI,TABULEIRO DO NORTE,16.10-2-04 - Serrarias sem desdobramento de madeira em bruto -Resserragem,28/02/2022,31/01/2032,PROVIN,50,-,Em andamento,NÃO
296,94316999000983,6.695.441-0,ANIGER CALÇADOS SUPRIMENTOS E EMPREENDIMENTOS LTDA,QUIXERAMOBIM,15.31-9-01 - Fabricação de calçados de couro,30/09/1999,31/12/2032,PROADE,300,-,Em andamento,NÃO
202,17469701007260,6.177.313-1,ARCELORMITTAL BRASIL S/A,MARACANAÚ,24.24-5-01 - Produção de arames de aço,30/11/2002,31/10/2023,PROVIN,50,Prorrogação em andamento.,Em andamento,NÃO
311,9509535000167,6.369.166-3,ARCELORMITTAL PECÉM S.A.,SÃO GONÇALO DO AMARANTE,24.21-1-00 - Produção de semi-acabados de aço,31/12/2016,31/12/2032,PROADE,4000,-,Em andamento,SIM
49,21499024000107,6.433.597-6,ARGAMASSAS COLAMIX EIRELI,CAUCAIA,"23.30-3-99 - Fabricação de outros artefatos e produtos de concreto, cimento, fibrocimento, gesso e materiais semelhantes",28/02/2016,31/01/2032,PROVIN,140,-,Em andamento,SIM
241,45948091000120,7.061.137-8,ASC INDÚSTRIA E COMÉRCIO DE COLCHÕES E ESPUMAS LTDA,MARACANAÚ,31.04-7-00 - Fabricação de colchões,30/04/2023,31/03/2028,PROVIN,135,-,Em andamento,SIM
200,1791741000109,6.988.652-0,ASFALTOS NORDESTE LTDA,MARACANAÚ,"20.73-8-00 - Fabricação de impermeabilizantes, solventes e produtos afins",31/05/2000,31/10/2032,PROVIN,48,-,Em andamento,SIM
209,13923945000127,6.568.733-7,AVCO POLÍMEROS DO BRASIL S.A.,MARACANAÚ,20.93-2-00 - Fabricação de aditivos de uso industrial,31/07/2012,30/06/2028,PROVIN,67,-,Em andamento,SIM
331,91967067000317,6.725.416-0,BAKOF PLÁSTICOS LTDA,TAUÁ,"22.29-3-03 - Fabricação de artefatos de material plástico para uso na construção, exceto tubos e acessórios",30/09/2014,31/08/2026,PROVIN,102,-,Em andamento,NÃO
210,23464852000135,6.887.780-3,BEATRIZ TEXTIL S/A,MARACANAÚ,13.11-1-00 - Preparação e fiação de fibras de algodão,31/05/2000,31/12/2027,PROVIN,100,-,Em andamento,NÃO
318,2313082000150,6.997.773-9,BEPLAST NORDESTE INDUSTRIA E COMERCIO DE PLASTICOS LTDA,SOBRAL,22.29-3-02 - Fabricação de artefatos de material plástico para usos industriais,30/11/2014,31/12/2032,PROVIN,126,-,Em andamento,SIM
246,8386287000141,6.270.923-2,BERMAS MARACANAÚ INDÚSTRIA E COMÉRCIO DE COURO LTDA,MARACANAÚ,15.10-6-00 - Curtimento e outras preparações de couro,31/08/2000,31/12/2032,PROVIN,200,-,Em andamento,SIM
341,20495547000112,,BIOCOL IMPORTADORA E DISTRIBUIDORA LTDA EPP,,,31/08/2023,31/12/2027,PCDM,9,,Em andamento,NÃO
90,2290657000166,6.514.273-0,BIODIS INDUSTRIAL LTDA,EUSÉBIO,10.99-6-07 - Fabricação de alimentos dietéticos e complementos alimentares,31/08/2025,31/12/2032,PROVIN,110,-,Em andamento,SIM
84,7801309000120,6.199.798-6,BIOMATIKA INDUSTRIA E COMERCIO DE PRODUTOS NATURAIS S/A,EUSÉBIO,"20.63-1-00 - Fabricação de cosméticos, produtos de perfumaria e de higiene pessoal",31/03/2019,28/02/2027,PROVIN,67,-,Em andamento,SIM
297,53859324000146,7.199.319-3,BP CEARÁ LTDA,QUIXERAMOBIM,17.32-0-00 - Fabricação de embalagens de cartolina e papel-cartão,28/02/2025,31/12/2032,PROVIN,284,-,Em andamento,SIM
159,20385401000114,6.337.614-8,BRANYL INDUSTRIA E COMERCIO TEXTIL DO CEARÁ LTDA,ITAITINGA,13.30-8-00 - Fabricação de tecidos de malha,31/08/2015,31/07/2025,PROVIN,152,Prorrogação em andamento.,Em andamento,SIM
97,29603211000109,6.751.094-9,BROTHER COMÉRCIO DE MOTOPEÇAS LTDA.,FORTALEZA,45.41-2-02 - Comércio por atacado de peças e acessórios para motocicletas e motonetas,31/03/2019,31/12/2027,PCDM,10,-,Em andamento,SIM
293,5878522000104,6.697.360-0,BUCATINNI INDÚSTRIA E COMÉRCIO DE ALIMENTOS LTDA,PINDORETAMA,"10.95-3-00 - Fabricação de especiarias, molhos, temperos e condimentos",31/07/2024,31/12/2032,PROVIN,45,-,Em andamento,SIM
211,2005599000181,6.990.530-4,C & L INDUSTRIA DE PLASTICOS LTDA,MARACANAÚ,15.33-5-00 - Fabricação de calçados de material sintético,30/11/1998,30/11/2030,PROVIN,100,-,Em andamento,NÃO
252,2535927000151,6.267.882-5,C P N CHAPAS PERFURADAS DO NORDESTE LTDA,MARANGUAPE,25.32-2-01 - Produção de artefatos estampados de metal,31/05/2000,30/04/2028,PROVIN,20,-,Em andamento,SIM
191,6942221000165,6.807.987-7,CAJUINA SAO GERALDO LTDA,JUAZEIRO DO NORTE,11.22-4-01 - Fabricação de refrigerantes,31/03/2021,28/02/2031,PROVIN,395,-,Em andamento,NÃO
181,4503776000185,6.313.650-3,CALCADOS VIA FASHION LTDA,JUAZEIRO DO NORTE,15.39-4-00 - Fabricação de calçados de materiais não especificados anteriormente,31/12/2002,30/11/2027,PROVIN,90,-,Em andamento,SIM
233,14855630000314,6.977.499-4,CAN-PACK BRASIL INDÚSTRIA DE EMBALAGENS LTDA,MARACANAÚ,25.91-8-00 - Fabricação de embalagens metálicas,30/06/1998,31/12/2032,PROVIN,1000,-,Em andamento,NÃO
60,19407069000162,6.719.478-8,CANI PRODUTOS QUÍMICOS LTDA,CRATO,"20.71-1-00 - Fabricação de tintas, vernizes, esmaltes e lacas",31/05/2018,30/04/2028,PROVIN,14,-,Em andamento,NÃO
247,60360327000104,7.254.075-3,CANINANA DISTRIBUIDORA DE MOTOPEÇAS LTDA,MARACANAÚ,45.41-2-02 - Comércio por atacado de peças e acessórios para motocicletas e motonetas,01/08/2025,31/12/2026,PCDM,35,-,Em andamento,NÃO
63,22428398000102,6.458.925-0,CARIRI ARGAMASSAS EIRELI,CRATO,"23.30-3-99 - Fabricação de outros artefatos e produtos de concreto, cimento, fibrocimento, gesso e materiais semelhantes",31/08/2016,30/07/2026,PROVIN,140,-,Em andamento,NÃO
340,24306357000322,7.229.482-5,CARLOS HENRIQUE DA COSTA LIMA LTDA,VARZEA ALEGRE,46.49-4-02 - Comércio atacadista de aparelhos eletrônicos de uso pessoal e doméstico,01/05/2025,31/12/2028,PCDM,15,-,Em andamento,NÃO
56,2403486000568,6.124.452-0,CARMEHIL COMERCIAL ELÉTRICA LTDA,CAUCAIA,25.99-3-99 - Fabricação de outros produtos de metal não especificados anteriormente,31/01/2025,31/12/2032,PROVIN,250,-,Em andamento,NÃO
166,5583876000121,6.678.848-0,CARNAUBA DO BRASIL LTDA,ITAREMA,"10.42-2-00 - Fabricação de óleos vegetais refinados, exceto óleo de milho",30/06/2005,31/12/2032,PROVIN,54,-,Em andamento,NÃO
42,73554537000258,6.604.221-6,"CARROPEL CARR0CERIAS PERY INDUSTRIA, COMERCIO E REPRESENTAÇÕES LTDA",CAUCAIA,"29.30-1-01 - Fabricação de cabines, carrocerias e reboques para caminhões",30/11/2013,31/10/2031,PROVIN,65,-,Em andamento,SIM
334,4191295000262,6.584.266-9,CATATAU ACO LTDA,TIANGUÁ,"25.92-6-02 - Fabricação de produtos de trefilados de metal, exceto padronizados",30/04/2017,30/03/2027,PROVIN,87,-,Em andamento,SIM
335,4191295000424,6.167.414-1,CATATAU AÇO LTDA,TIANGUÁ,16.22-6-02 - Fabricação de esquadrias de madeira e de peças de madeira para instalações industriais e comerciais,30/11/2023,31/12/2032,PROVIN,50,-.,Em andamento,SIM
134,5099585001134,6.319.522-4,CBAA ASFALTOS LTDA,GUAIUBA,19.21-7-00 - Fabricação de produtos do refino de petróleo,31/08/2025,31/12/2032,PROVIN,52,-,Em andamento,NÃO
133,5099585001800,7.209.062-6,CBAA ASFALTOS LTDA,GUAIUBA,46.84-2-99 - Comércio atacadista de outros produtos químicos e petroquímicos não especificados anteriormente,08/01/2025,31/12/2028,PCDM,41,-,Em andamento,NÃO
218,35029057000106,6.878.979-3,CERAMICA BRASILEIRA CERBRAS LTDA,MARACANAÚ,23.42-7-01 - Fabricação de azulejos e pisos,30/11/1998,31/12/2032,PROADE,160,-,Em andamento,SIM
258,153282000167,6.963.189-1,CESDE INDUSTRIA E COMERCIO DE ELETRODOMESTICOS LTDA,MARANGUAPE,"27.59-7-99 - Fabricação de outros aparelhos eletrodomésticos não especificados anteriormente, peças e acessórios",30/09/1996,31/08/2026,PROVIN,400,-,Em andamento,SIM
256,153282001058,6.199.517-7,CESDE INDUSTRIA E COMERCIO DE ELETRODOMESTICOS LTDA,MARANGUAPE,46.49-4-01 - Comércio atacadista de equipamentos elétricos de uso pessoal e doméstico,31/03/2007,28/02/2027,PCDM,165,-,Em andamento,NÃO
37,3773027000105,6.299.907-9,CIGEL INDUSTRIAL LTDA,CAUCAIA,"20.63-1-00 - Fabricação de cosméticos, produtos de perfumaria e de higiene pessoal",30/04/2002,31/03/2028,PROVIN,44,-,Em andamento,NÃO
286,4176513001938,7.184.914-9,CKBR BEBIDAS LTDA,PACATUBA,11.13-5-02 - Fabricação de cervejas e chopes,30/06/2000,31/05/2031,PROVIN,250,-,Em andamento,NÃO
261,8981339000128,6.212.633-4,CLEAN FORTAL INDÚSTRIA E COMÉRCIO DE PLÁSTICOS LTDA ,MARANGUAPE,22.29-3-99 - Fabricação de artefatos de material plástico para outros usos não especificados anteriormente,28/02/2022,31/01/2032,PROVIN,126,-,Em andamento,NÃO
230,7329386000129,6.095.443-4,COBAP COMERCIO E BENEFICIAMENTO DE ARTEFATOS DE PAPEL LTDA,MARACANAÚ,17.31-1-00 - Fabricação de embalagens de papel,31/10/1996,30/09/2026,PROVIN,380,-,Em andamento,SIM
290,48777299000111,07102105-1,COCO LITORÂNEO INDÚSTRIA E COMÉRCIO LTDA ,PARAIPABA,10.99-6-99 - Fabricação de outros produtos alimentícios não especificados anteriormente,31/07/2023,31/12/2032,PROVIN,306,-,Em andamento,SIM
121,2093286000475,7.217.277-0,COMERCIAL PLASTCAR LTDA,FORTALEZA,"46.41-9-02 - Comércio atacadista de artigos de cama, mesa e banho (Dispensada *)",01/05/2025,31/12/2028,PCDM,10,-,Em andamento,NÃO
100,1135153001423,7.018.687-1,COMEXPORT TRADING COMERCIO EXTERIOR LTDA,FORTALEZA,"46.93-1-00 - Comércio atacadista de mercadorias em geral, sem predominância de alimentos ou de insumos agropecuários",31/01/2023,31/12/2027,PCDM,20,-,Em andamento,SIM
298,10260249000351,6.420.483-9,COMPANHIA INDUSTRIAL DE CIMENTO APODI,QUIXERÉ,23.20-6-00 - Fabricação de cimento,30/11/2013,31/10/2030,PROADE,401,-,Em andamento,NÃO
50,10260249000270,6.385.676-0,COMPANHIA INDUSTRIAL DE CIMENTO APODI,CAUCAIA,23.20-6-00 - Fabricação de cimento,30/09/2010,31/08/2030,PROVIN,160,-,Em andamento,NÃO
53,15244677000142,6.609.725-8,COMPANHIA SULAMERICANA DE CERAMICA,CAUCAIA,23.49-4-01 - Fabricação de material sanitário de cerâmica,31/05/2014,31/12/2032,PROVIN,400,-,Em andamento,SIM
102,7965203000242,6.749.559-1,COMPANNY DO BRASIL IMPORTACAO E EXPORTACAO DE PECAS LTDA,FORTALEZA,45.41-2-02 - Comércio por atacado de peças e acessórios para motocicletas e motonetas,30/09/2018,31/12/2027,PCDM,30,-,Em andamento,NÃO
257,7634785000101,6.115.186-6,COOPERATIVA AGRICOLA MISTA DE MARANGUAPE LTDA,MARANGUAPE,10.52-0-00 - Fabricação de laticínios,31/07/2014,31/08/2029,PROVIN,290,-,Em andamento,SIM
275,2675611000750,6.424.223-4,COOPERSHOES COOPERATIVA DE TRABALHO E INDUSTRIA DE CALCADOS JOANETENSE LTDA,MORADA NOVA,15.32-7-00 - Fabricação de tênis de qualquer material,28/02/2013,31/12/2032,PROADE,766,-,Em andamento,SIM
333,6967059000130,6.696.168-8,CPL MOTOPARTS LTDA,TIANGUÁ,45.41-2-02 - Comércio por atacado de peças e acessórios para motocicletas e motonetas,31/12/2008,28/02/2027,PCDM,4,-,Em andamento,SIM
122,10158356006819,7.227.895-1,CPX DISTRIBUIDORA S.A.,FORTALEZA,45.30-7-02 - Comércio por atacado de pneumáticos e câmaras-de-ar,31/08/2025,31/12/2026,PCDM,40,-,Em andamento,NÃO
309,11814967000719,6.519.997-9,"CRUSOE FOODS INDUSTRIA, IMPORTAÇÃO E EXPORTAÇÃO LTDA",SÃO GONÇALO DO AMARANTE,"10.20-1-02 - Fabricação de conservas de peixes, crustáceos e moluscos",31/12/2014,31/12/2032,PROVIN,303,-,Em andamento,SIM
6,12877146000107,6.617.994-7,CTB-COMPANHIA TÊXTIL DO BRASIL EIRELI,AQUIRAZ,13.59-6-00 - Fabricação de outros produtos têxteis não especificados anteriormente,31/03/2014,31/12/2027,PROVIN,102,-,Em andamento,SIM
312,21279886000639,7.197.327-3,CYCLOPLAST IMPORTAÇÃO E EXPORTAÇÃO DE RESINAS LTDA,SÃO GONÇALO DO AMARANTE,46.84-2-01 - Comércio atacadista de resinas e elastômeros,07/10/2024,31/12/2027,PCDM,5,-,Em andamento,NÃO
150,465813000238,6.987.373-9,DAKOTA NORDESTE S/A,IGUATU,15.31-9-01 - Fabricação de calçados de couro,30/11/1997,31/12/2032,PROADE,1000,-,Em andamento,SIM
303,465813000157,6.264.013-5,DAKOTA NORDESTE S/A,RUSSAS,15.31-9-01 - Fabricação de calçados de couro,31/08/1998,31/12/2032,PROADE,1000,-,Em andamento,NÃO
259,465813000319,6.948.668-9,DAKOTA NORDESTE S/A,MARANGUAPE,15.33-5-00 - Fabricação de calçados de material sintético,31/07/1995,31/12/2032,PROADE,400,-,Em andamento,SIM
294,465813000580,6.195.910-3,DAKOTA NORDESTE S/A FILIAL 4,QUIXADA,15.31-9-01 - Fabricação de calçados de couro,30/11/2006,31/12/2032,PROADE,52,-,Em andamento,SIM
69,33561853000585,6.263.941-2,DANCOR S/A IND MECANICA,EUSÉBIO,"28.12-7-00 - Fabricação de equipamentos hidráulicos e pneumáticos, peças e acessórios, exceto válvulas",31/05/2010,30/04/2027,PROVIN,40,-,Em andamento,SIM
163,1287588000250,6.280.596-7,DASS NORDESTE CALCADOS E ARTIGOS ESPORTIVOS S/A,ITAPIPOCA,15.33-5-00 - Fabricação de calçados de material sintético,30/11/1999,31/12/2032,PROVIN,1699,-,Em andamento,NÃO
227,6037585000109,6.687.030-5,DELFA INDUSTRIA E COMERCIO DE ACESSORIOS DO VESTUARIO LTDA,MARACANAÚ,"13.54-5-00 - Fabricação de tecidos especiais, inclusive artefatos",31/12/2006,31/12/2027,PROVIN,322,-,Em andamento,SIM
319,7815053000290,6.189.599-7,DELRIO REFRIGERANTES LTDA,SOBRAL,11.22-4-01 - Fabricação de refrigerantes,30/04/2018,30/03/2028,PROVIN,163,-,Em andamento,SIM
292,1280018000157,6.978.095-1,DELTA INDUSTRIA E COMERCIO DE GIZ LTDA,PINDORETAMA,32.99-0-99 - Fabricação de produtos diversos não especificados anteriormente,31/01/1997,31/08/2031,PROVIN,70,-,Em andamento,NÃO
27,52241635002047,6.209.039-9,DEMOCRATA CALCADOS E ARTEFATOS DE COURO LTDA,CAMOCIM,15.31-9-01 - Fabricação de calçados de couro,30/11/2008,30/10/2028,PROVIN,562,-,Em andamento,NÃO
325,52241635002713,7.063.385-1,DEMOCRATA CALCADOS E ARTEFATOS DE COURO LTDA,SOBRAL,"15.40-8-00 - Fabricação de partes para calçados, de qualquer material",30/11/2023,31/12/2032,PROADE,450,-,Em andamento,SIM
304,52241635002128,6.189.125-8,DEMOCRATA CALCADOS E ARTEFATOS DE COURO LTDA,SANTA QUITÉRIA,15.31-9-01 - Fabricação de calçados de couro,30/11/2006,28/02/2030,PROVIN,300,-,Em andamento,SIM
164,5635589000380,6.797.991-2,DICOCO AGROINDUSTRIAL LTDA,ITAPIPOCA,01.39-3-99 - Cultivo de outras plantas de lavoura permanente não especificadas anteriormente,31/01/2025,31/12/2032,PROVIN,211,-,Em andamento,NÃO
289,5635589000118,6.682.346-3,DICOCO AGROINDUSTRIAL LTDA,PARAIPABA,10.99-6-99 - Fabricação de outros produtos alimentícios não especificados anteriormente,31/07/2004,31/12/2032,PROVIN,75,-,Em andamento,SIM
271,21984010000340,6.258.623-8,DIKKA INDUSTRIA QUIMICA LTDA,MASSAPÊ,"20.71-1-00 - Fabricação de tintas, vernizes, esmaltes e lacas",31/03/2020,28/02/2030,PROVIN,56,-,Em andamento,NÃO
26,15836348000190,6.707.590-8,DILLY NORDESTE INDUSTRIA DE CALCADOS LTDA,BREJO SANTO,15.31-9-01 - Fabricação de calçados de couro,31/01/2014,31/12/2032,PROADE,992,-,Em andamento,SIM
162,15836348001162,"7.196.587-4
",DILLY NORDESTE INDUSTRIA DE CALCADOS LTDA,ITAPAJÉ,15.31-9-01 - Fabricação de calçados de couro,31/01/2025,31/12/2032,PROADE,500,-,Em andamento,NÃO
123,22940751000120,7.252.162-7,DNEDX COM. E SERVIÇOS PARA PRODUTOS DA SAÚDE LTDA,FORTALEZA,"46.64-8-00 - Comércio atacadista de máquinas, aparelhos e equipamentos para uso odonto-médico-hospitalar; partes e peças",12/08/2025,31/12/2028,PCDM,20,todos terceirizados,Em andamento,NÃO
310,56992951000572,6.185.163-9,DSM PRODUTOS NUTRICIONAIS BRASIL S/A,SÃO GONÇALO DO AMARANTE,10.66-0-00 - Fabricação de alimentos para animais,31/07/2008,30/06/2028,PROVIN,490,-,Em andamento,SIM
137,14267622000195,6.584.610-9,DUCAMPO EMPREENDIMENTOS FLORESTAIS LTDA,HORIZONTE,16.10-2-04 - Serrarias sem desdobramento de madeira em bruto -Resserragem,30/04/2016,31/01/2030,PROVIN,39,-,Em andamento,NÃO
148,15121481000675,7.193.053-1,DURAFIX INDÚSTRIA DE ARGAMASSAS E TINTAS LTDA,HORIZONTE,23.30-3-05 - Preparação de massa de concreto e argamassa para construção,31/08/2025,31/12/2032,PROVIN,100,-,Em andamento,SIM
219,7041007000109,6.011.003-1,DURAMETAL LTDA,MARACANAÚ,29.43-3-00 - Fabricação de peças e acessórios para o sistema de freios de veículos automotores,31/10/2006,31/12/2032,PROVIN,160,-,Em andamento,SIM
25,46343808000172,7.061.691-4,DY INDÚSTRIA TÊXTIL LTDA,BREJO SANTO,32.99-0-05 - Fabricação de aviamentos para costura,30/11/2023,31/12/2032,PROVIN,200,-,Em andamento,NÃO
24,53144674000126,7.165.478-0,ELASTOMER NORDESTE INDÚSTRIA DE ARTEFATOS DE BORRACHA LTDA,BREJO SANTO,22.19-6-00 - Fabricação de artefatos de borracha não especificados anteriormente,31/10/2018,30/09/2028,PROVIN,175,-,Em andamento,SIM
316,1788591000257,6.318.547-4,EMBALAGENS CEARA LTDA,SOBRAL,17.31-1-00 - Fabricação de embalagens de papel,31/10/2006,30/09/2031,PROVIN,90,-,Em andamento,SIM
14,7604556000640,6.001.876-3,EMPRESA BRASILEIRA DE BEBIDAS E ALIMENTOS S/A,ARACATI,"10.33-3-01 - Fabricação de sucos concentrados de frutas, hortaliças e legumes",30/04/2002,31/03/2032,PROVIN,200,-,Em andamento,NÃO
236,2948030000230,6.305.053-6,ESMALTEC S/A,MARACANAÚ,"27.51-1-00 - Fabricação de fogões, refrigeradores e máquinas de lavar e secar para uso doméstico, peças e acessórios",31/08/2002,31/05/2029,PROVIN,2400,-,Em andamento,SIM
308,48379838000326,6.744.606-0,ESPUGUM INDUSTRIA E COMERCIO LTDA,SÃO GONÇALO DO AMARANTE,"14.14-2-00 - Fabricação de acessórios do vestuário, exceto para segurança e proteção",31/03/2019,28/02/2027,PROVIN,128,-,Em andamento,SIM
186,8397578000135,6.212.070-0,EVA BRASIL INDUSTRIA DE COMPONENTES E CALÇADOS LTDA,JUAZEIRO DO NORTE,22.19-6-00 - Fabricação de artefatos de borracha não especificados anteriormente,30/11/2009,31/10/2029,PROVIN,123,-,Em andamento,SIM
178,4665587000109,6.665.024-0,EVAPLAST INDUSTRIA E COMERCIO DE ARTEFATOS DE BORRACHA E PLASTICOS LTDA,JUAZEIRO DO NORTE,22.19-6-00 - Fabricação de artefatos de borracha não especificados anteriormente,30/04/2003,31/03/2028,PROVIN,57,-,Em andamento,SIM
110,7316197000111,6.179.570-4,EVC INDUSTRIAL LTDA,FORTALEZA,20.62-2-00 - Fabricação de produtos de limpeza e polimento,30/11/2021,31/10/2029,PROVIN,110,-,Em andamento,SIM
96,7316197000200,7.045.376-4,EVC INDUSTRIAL LTDA,FORTALEZA,"46.49-4-08 - Comércio atacadista de produtos de higiene, limpeza e conservação domiciliar",30/09/2022,31/12/2027,PCDM,5,-,Em andamento,SIM
220,11586009000142,6.393.474-4,EVER GREEN DO NORDESTE INDUSTRIA E COMERCIO LTDA,MARACANAÚ,17.42-7-02 - Fabricação de absorventes higiênicos,31/05/2011,30/04/2031,PROVIN,208,-,Em andamento,SIM
120,7281413000130,6.109.160-0,FAE SISTEMAS DE MEDIÇÃO S.A.,FORTALEZA,"26.51-5-00 - Fabricação de aparelhos e equipamentos de medida, teste e controle",31/05/2000,31/12/2032,PROVIN,670,-,Em andamento,SIM
21,6628333000146,6.848.007-5,FARMACE-INDUSTRIA QUIMICO FARMACEUTICA CEARENSE LTDA,BARBALHA,21.21-1-01 - Fabricação de medicamentos alopáticos para uso humano,31/07/1997,30/06/2032,PROADE,150,-,Em andamento,SIM
239,23463961000561,7.068.747-1,FCM COMÉRCIO DE MIUDEZAS LTDA,MARACANAÚ,46.49-4-99 - Comércio atacadista de outros equipamentos e artigos de uso pessoal e doméstico não especificados anteriormente,01/08/2024,31/12/2027,PCDM,40,-,Em andamento,NÃO
221,8823011000183,6.208.218-3,FILATI INDUSTRIA DE MALHAS S/A,MARACANAÚ,13.30-8-00 - Fabricação de tecidos de malha,31/05/2011,30/04/2026,PROVIN,225,-,Em andamento,SIM
226,11283192000107,6.393.029-3,FITAS ELÁSTICAS ESTRELA DO NORDESTE LTDA,MARACANAÚ,13.59-6-00 - Fabricação de outros produtos têxteis não especificados anteriormente,31/07/2012,31/12/2027,PROVIN,308,-,Em andamento,SIM
13,55395134000221,7.243.199-7,"FLAVOR KING COMÉRCIO, IMPORTAÇÃO E EXPORTAÇÃO DE ALIMENTOS LTDA",AQUIRAZ,"46.33-8-01 - Comércio atacadista de frutas, verduras, raízes, tubérculos, hortaliças e legumes frescos",01/08/2025,31/12/2026,PCDM,42,-,Em andamento,NÃO
2,69366433000161,6.953.599-0,FLOEMA INDUSTRIA DE PRODUTOS NATURAIS LTDA,AQUIRAZ,10.99-6-99 - Fabricação de outros produtos alimentícios não especificados anteriormente,30/11/2006,30/10/2026,PROVIN,60,-,Em andamento,SIM
95,55183248001956,6.752.721-3,FORMILINE INDUSTRIA DE LAMINADOS LTDA,FORTALEZA,46.84-2-99 - Comércio atacadista de outros produtos químicos e petroquímicos não especificados anteriormente,01/02/2022,30/06/2024,PCDM,3,Prorrogação em andamento.,Em andamento,NÃO
152,26020106000221,7.057.641-6,FORNECEDORA ASFALTOS E PAVIMENTAÇÃO LTDA,ITAITINGA,"23.30-3-01 - Fabricação de estruturas pré-moldadas de concreto armado, em série e sob encomenda",31/12/2023,30/11/2031,PROVIN,5,-,Em andamento,NÃO
203,35092238000179,6.858.131-9,FORTEX INDUSTRIA QUIMICA LTDA,MARACANAÚ,"20.71-1-00 - Fabricação de tintas, vernizes, esmaltes e lacas",31/01/2012,31/12/2032,PROVIN,50,-,Em andamento,SIM
10,49324221000880,6.843.694-7,FRESENIUS KABI BRASIL LTDA,AQUIRAZ,21.21-1-01 - Fabricação de medicamentos alopáticos para uso humano,31/12/1997,30/09/2031,PROADE,415,-,Em andamento,NÃO
11,49324221001500,6.557.568-7,FRESENIUS KABI BRASIL LTDA                                  ,AQUIRAZ,46.44-3-01 - Comércio atacadista de medicamentos e drogas de uso humano,31/05/2011,31/10/2025,PCDM,545,Prorrogação em andamento.,Em andamento,NÃO
87,6337280000376,6.415.162-0,FRESNOMAQ INDÚSTRIA DE MÁQUINAS S.A.,EUSÉBIO,"27.59-7-99 - Fabricação de outros aparelhos eletrodomésticos não especificados anteriormente, peças e acessórios",31/08/2025,31/12/2032,PROVIN,14,-,Em andamento,SIM
240,35229640000152,6.868.903-9,FROSTY PRODUTOS ALIMENTÍCIOS LTDA,MARACANAÚ,10.53-8-00 - Fabricação de sorvetes e outros gelados comestíveis,30/09/2024,31/12/2032,PROVIN,100,-,Em andamento,SIM
288,34705999000196,6.153.737-3,FYBER FABRICAÇÃO DE VEÍCULOS AUTOMOTORES LTDA,PARACURU,"29.10-7-01 - Fabricação de automóveis, camionetas e utilitários",30/11/2023,31/10/2028,PROVIN,304,-,Em andamento,SIM
94,7190194000346,7.014.271-8,GARRIDO E GUZMAN COMERCIAL DE ACESSORIOS LTDA,FORTALEZA,"46.49-4-10 - Comércio atacadista de jóias, relógios e bijuterias, inclusive pedras preciosas e semipreciosas lapidadas",01/06/2022,31/12/2027,PCDM,2,-,Em andamento,NÃO
154,28411905000769,6.751.357-3,GAZIN INDUSTRIA DE COLCHOES LTDA.,ITAITINGA,31.04-7-00 - Fabricação de colchões,31/08/2019,31/07/2027,PROVIN,25,-,Em andamento,SIM
54,7358761034578,6.619.343-5,GERDAU AÇOS LONGOS S.A.,CAUCAIA,"24.23-7-02 - Produção de laminados longos de aço, exceto tubos",31/12/2013,31/12/2032,PROADE,550,-,Em andamento,NÃO
242,7358761001300,,GERDAU AÇOS LONGOS S.A.,MARACANAÚ,"24.23-7-02 - Produção de laminados longos de aço, exceto tubos",,30/07/2027,PROVIN,250,,Em andamento,SIM
35,20287659000188,6.359.287-8,GNR FORTALEZA VALORIZAÇÃO DE BIOGÁS LTDA,CAUCAIA,"19.32-2-00 - Fabricação de biocombustíveis, exceto álcool",31/07/2018,30/06/2026,PROVIN,16,-,Em andamento,NÃO
112,7199805000155,6.102.281-0,GRANDE MOINHO CEARENSE S/A,FORTALEZA,10.62-7-00 - Moagem de trigo e fabricação de derivados,31/01/2005,31/12/2032,PROADE,126,-,Em andamento,SIM
153,46325254001152,7.134.028-9,GRANDFOOD INDÚSTRIA E COMÉRCIO LTDA,ITAITINGA,46.23-1-09 - Comércio atacadista de alimentos para animais,06/12/2023,31/12/2027,PCDM,12,-,Em andamento,NÃO
326,89850341000160,6.916.113-5,GRENDENE S/A,SOBRAL,15.33-5-00 - Fabricação de calçados de material sintético,31/03/1994,31/12/2032,PROADE,6000,-,Em andamento,NÃO
65,89850341001646,6.973.678-2,GRENDENE S/A,CRATO,15.33-5-00 - Fabricação de calçados de material sintético,31/10/1996,31/12/2032,PROADE,1100,-,Em andamento,SIM
118,89850341001484,6.910.514-6,GRENDENE S/A,FORTALEZA,15.33-5-00 - Fabricação de calçados de material sintético,31/05/2000,31/12/2032,PROADE,400,-,Em andamento,NÃO
339,14947696000172,6.610.559-5,GVS SPORT NORDESTE INDUSTRIA E COMERCIO LTDA,VARZEA ALEGRE,30.91-1-02 - Fabricação de peças e acessórios para motocicletas,31/08/2013,31/12/2032,PROVIN,200,-,Em andamento,SIM
78,2179938000146,6.995.348-1,HACO ETIQUETAS DO NORDESTE LTDA,EUSÉBIO,13.59-6-00 - Fabricação de outros produtos têxteis não especificados anteriormente,28/02/2001,31/12/2027,PROVIN,100,-,Em andamento,NÃO
75,1571702000864,6.997.195-1,HALEX ISTAR INDÚSTRIA FARMACÊUTICA S/A,EUSÉBIO,21.21-1-01 - Fabricação de medicamentos alopáticos para uso humano,30/04/2002,31/03/2032,PROVIN,70,-,Em andamento,SIM
338,15810932000258,6.165.175-3,HD SISTEMAS DE LIMPEZA E DESCARTAVEIS LTDA,VARZEA ALEGRE,17.42-7-99 - Fabricação de produtos de papel para uso doméstico e higiênico-sanitário não especificados anteriormente,31/12/2021,30/11/2031,PROVIN,101,-,Em andamento,NÃO
183,12233390000129,6.560.937-9,HG INDUSTRIAL DE CALÇADOS E BORRACHA LTDA ,JUAZEIRO DO NORTE,15.39-4-00 - Fabricação de calçados de materiais não especificados anteriormente,31/03/2021,28/02/2031,PROVIN,103,-,Em andamento,SIM
228,5477054000166,6.822.972-0,HIDROTINTAS  LTDA,MARACANAÚ,"20.71-1-00 - Fabricação de tintas, vernizes, esmaltes e lacas",31/10/2015,30/09/2025,PROVIN,333,Prorrogação em andamento.,Em andamento,SIM
283,7740790000190,63858487,HIDROTINTAS CAL E CARGAS LTDA,PACATUBA,"20.71-1-00 - Fabricação de tintas, vernizes, esmaltes e lacas",31/05/2011,30/04/2028,PROVIN,372,-,Em andamento,SIM
195,5477054000247,7.036.836-8,HIDROTINTAS INDUSTRIA E COMERCIO DE TINTAS LTDA,MARACANAÚ,"46.79-6-01 - Comércio atacadista de tintas, vernizes e similares",31/05/2022,31/12/2027,PCDM,5,-,Em andamento,NÃO
260,3007414000130,6.277.072-1,HOPE DO NORDESTE LTDA,MARANGUAPE,14.11-8-01 - Confecção de roupas íntimas,30/04/2000,31/12/2026,PROADE,1022,-,Em andamento,NÃO
254,3007414000483,6.316.671-2,HOPE DO NORDESTE LTDA,MARANGUAPE,"46.42-7-01 - Comércio atacadista de artigos do vestuário e acessórios, exceto profissionais e de segurança",30/03/2020,31/12/2027,PCDM,41,-,Em andamento,SIM
43,12066286000197,6.373.228-9,HYDROSTEC TUBOS E EQUIPAMENTOS LTDA,CAUCAIA,24.31-8-00 - Produção de tubos de aço com costura,31/05/2010,31/12/2032,PROVIN,80,-,Em andamento,NÃO
216,1632154000169,6.982.152-6,IBEL INDUSTRIA DE BORRACHA EVA LTDA,MARACANAÚ,22.19-6-00 - Fabricação de artefatos de borracha não especificados anteriormente,31/12/2000,31/12/2032,PROVIN,150,-,Em andamento,SIM
19,1752556000105,6.985.470-0,IBK INDUSTRIA DE BORRACHA E CALCADOS KAIANA LTDA,BARBALHA,"15.40-8-00 - Fabricação de partes para calçados, de qualquer material",30/04/2000,31/03/2030,PROVIN,70,-,Em andamento,NÃO
189,7276332000142,6.191.151-8,IDECAL INDUSTRIA DE CALCADOS LTDA,JUAZEIRO DO NORTE,15.33-5-00 - Fabricação de calçados de material sintético,31/03/2008,28/02/2026,PROVIN,151,-,Em andamento,SIM
197,2547509000508,6.504.897-0,ILPEA DO BRASIL LTDA,MARACANAÚ,22.29-3-02 - Fabricação de artefatos de material plástico para usos industriais,30/04/2015,31/03/2031,PROVIN,20,-,Em andamento,SIM
72,13644739000773,6.124.662-0,IMBRAVIDROS INDUSTRIA BRASILEIRA DE VIDROS LTDA.,EUSÉBIO,23.11-7-00 - Fabricação de vidro plano e de segurança,30/11/2022,31/10/2030,PROVIN,60,-,Em andamento,SIM
38,1755870000133,6.985.918-3,INBAT INDUSTRIA DE BOTOES LTDA,CAUCAIA,32.99-0-05 - Fabricação de aviamentos para costura,30/06/1999,31/05/2027,PROVIN,50,-,Em andamento,NÃO
61,6176339000120,6.696.235-8,INCOPA INDUSTRIA E COMERCIO DE PAPEIS E LOGISTICA LTDA,CRATO,"17.49-4-00 - Fabricação de produtos de pastas celulósicas, papel, cartolina, papel-cartão e papelão ondulado não especificados anteriormente",30/11/2007,30/10/2025,PROVIN,56,Prorrogação em andamento.,Em andamento,NÃO
146,48785002892,6.566.459-0,INDAIA BRASIL AGUAS MINERAIS LTDA,HORIZONTE,11.21-6-00 - Fabricação de águas envasadas,31/01/2016,31/10/2032,PROVIN,456,,Em andamento,SIM
127,30315265000140,6.783.135-4,INDUSTRIA CEARENSE DE ALUMINIO LTDA,FORTIM,24.41-5-02 - Produção de laminados de alumínio,31/05/2022,30/04/2032,PROVIN,190,-,Em andamento,SIM
223,2748357000188,6.272.924-1,INDUSTRIA CEARENSE DE COLCHOES E ESPUMAS LTDA,MARACANAÚ,31.04-7-00 - Fabricação de colchões,30/11/2006,30/10/2026,PROVIN,237,,Em andamento,SIM
139,36818518000184,6.249.654-9,INDUSTRIA DE ALIMENTOS SER BEM LTDA,HORIZONTE,10.99-6-99 - Fabricação de outros produtos alimentícios não especificados anteriormente,31/08/2021,31/07/2031,PROVIN,60,-,Em andamento,SIM
23,41553769000114,6.873.787-4,INDUSTRIA DE CAFE OJUARA LTDA,BREJO SANTO,10.81-3-02 - Torrefação e moagem de café,31/05/2014,31/12/2032,PROVIN,90,-,Em andamento,SIM
29,7836977000273,6.740.708-0,INDÚSTRIA DE CALÇADOS GONÇALVES LTDA,CANINDE,15.31-9-01 - Fabricação de calçados de couro,30/04/2018,30/03/2028,PROVIN,500,-,Em andamento,NÃO
187,14486959000193,6.580.831-2,INDÚSTRIA DE CALÇADOS MALU LTDA,JUAZEIRO DO NORTE,15.39-4-00 - Fabricação de calçados de materiais não especificados anteriormente,30/04/2018,30/03/2028,PROVIN,140,-,Em andamento,SIM
184,5098354000134,6.667.432-8,INDUSTRIA DE CALCADOS VIA BEACH LTDA,JUAZEIRO DO NORTE,15.33-5-00 - Fabricação de calçados de material sintético,31/08/2003,31/07/2028,PROVIN,113,-,Em andamento,SIM
131,19328221000111,6.287.464-0,INDÚSTRIA DE PLÁSTICO CB LTDA,GUAIUBA,22.29-3-02 - Fabricação de artefatos de material plástico para usos industriais,31/07/2022,30/06/2032,PROVIN,60,-,Em andamento,NÃO
324,35976832000122,6.226.977-1,INDUSTRIA E COMERCIO DE METAIS SPINDOLA EIRELI,SOBRAL,25.93-4-00 - Fabricação de artigos de metal para uso doméstico e pessoal,01/03/2022,28/02/2032,PROVIN,301,-,Em andamento,SIM
140,22463721000170,6.450.340-2,INDUSTRIA E COMERCIO DE PRODUTOS ALIMENTICIOS RAIMAR LTDA,HORIZONTE,10.63-5-00 - Fabricação de farinha de mandioca e derivados,31/07/2020,31/05/2028,PROVIN,60,-,Em andamento,SIM
321,5609769000125,6.678.391-7,INDUSTRIA E COMERCIO DE RACOES GOLFINHO LTDA,SOBRAL,10.66-0-00 - Fabricação de alimentos para animais,31/01/2023,31/12/2032,PROVIN,235,-,Em andamento,SIM
111,7945637000108,6.161.448-3,INDUSTRIA METALURGICA DE CARLITO PAMPLONA LTDA,FORTALEZA,"25.42-0-00 - Fabricação de artigos de serralheria, exceto esquadrias",31/08/2021,31/07/2029,PROVIN,110,-,Em andamento,SIM
229,8008080000133,6.197.518-4,INDUSTRIA NORDESTINA DE ACESSORIOS PARA IRRIGACAO LTDA.,MARACANAÚ,24.51-2-00 - Fundição de ferro e aço,31/03/2021,28/02/2031,PROVIN,364,-,Em andamento,SIM
204,34319752000131,6.785.960-7,INDUSTRIAL RIGEL DO BRASIL EIRELI,MARACANAÚ,20.93-2-00 - Fabricação de aditivos de uso industrial,31/07/2020,31/05/2028,PROVIN,55,-,Em andamento,NÃO
248,47726693000168,7.089.655-0,INDUSTRIAL TINTAS LUX LTDA,MARACANAÚ,"20.71-1-00 - Fabricação de tintas, vernizes, esmaltes e lacas",28/02/2025,31/01/2030,PROVIN,260,-,Em andamento,NÃO
272,5270731000766,6.737.384-4,INDÚSTRIAS REUNIDAS HÉLIO ARRUDA COELHO LTDA,MASSAPÊ,10.92-9-00 - Fabricação de biscoitos e bolachas,31/12/2023,31/12/2032,PROVIN,160,-,Em andamento,SIM
136,11507415000768,6.741.359-5,INDÚSTRIAS REUNIDAS RAYMUNDO DA FONTE S.A.,HORIZONTE,20.62-2-00 - Fabricação de produtos de limpeza e polimento,31/08/2019,31/07/2029,PROVIN,360,-,Em andamento,SIM
214,20350085000145,6.337.039-5,INOPLAST INOVAÇÃO EM SERVIÇOS DE INJEÇÃO DE PLÁSTICOS LTDA,MARACANAÚ,22.29-3-99 - Fabricação de artefatos de material plástico para outros usos não especificados anteriormente,31/03/2019,28/02/2027,PROVIN,127,-,Em andamento,SIM
266,63296818000113,6.458.905-6,INTERCORP INDUSTRIA E COMERCIO DE MOVEIS LTDA.,MARCO,31.01-2-00 - Fabricação de móveis com predominância de madeira,31/07/2017,31/12/2032,PROVIN,126,-,Em andamento,NÃO
33,10782639000391,6.796.815-5,INTERLANDIA LTDA,CASCAVEL,20.62-2-00 - Fabricação de produtos de limpeza e polimento,26/08/2019,31/07/2029,PROVIN,55,-,Em andamento,SIM
129,30670420000146,6.314.410-7,INTRAPACK INDUSTRIA E COMERCIO DE PLASTICO LTDA,GUAIUBA,22.22-6-00 - Fabricação de embalagens de material plástico,31/07/2022,30/06/2032,PROVIN,50,-,Em andamento,NÃO
155,29959937000170,6.753.694-8,IPE QUIMICA INDUSTRIA E COMERCIO E IMPORTACAO DE PRODUTOS QUIMICOS LTDA,ITAITINGA,20.99-1-99 - Fabricação de outros produtos químicos não especificados anteriormente,31/03/2021,28/02/2031,PROVIN,55,-,Em andamento,SIM
313,35193720000103,6.288.247-3,IPVC INDUSTRIA DE PAPELAO LTDA,SAO LUIS DO CURU,17.33-8-00 - Fabricação de chapas e de embalagens de papelão ondulado,31/05/2022,30/04/2032,PROVIN,105,-,Em andamento,SIM
205,72273436000165,6.906.559-4,ISOPLAST INDUSTRIA E COMERCIO DE PLASTICOS LTDA,MARACANAÚ,22.22-6-00 - Fabricação de embalagens de material plástico,31/08/2009,31/07/2029,PROVIN,60,-,Em andamento,SIM
287,7231103001426,6.380.308-9,ITAUEIRA AGROPECUARIA S/A,PALHANO,"10.33-3-02 - Fabricação de sucos de frutas, hortaliças e legumes, exceto concentrados",31/05/2010,30/04/2030,PROVIN,285,-,Em andamento,SIM
119,14998371002405,6.104.063-0,J MACEDO S/A,FORTALEZA,10.62-7-00 - Moagem de trigo e fabricação de derivados,31/01/2005,31/12/2032,PROVIN,560,-,Em andamento,SIM
15,435078000210,6.757.318-5,J.F. DA CUNHA INDUSTRIA E COMERCIO DE CALCADOS LTDA,ARACATI,15.31-9-01 - Fabricação de calçados de couro,31/08/2019,31/07/2029,PROVIN,300,-,Em andamento,SIM
169,63302376000170,6.879.733-8,JAGUATEXTIL JAGUARUANA TEXTIL LTDA,JAGUARUANA,13.11-1-00 - Preparação e fiação de fibras de algodão,31/08/2005,31/12/2027,PROVIN,62,-,Em andamento,SIM
18,44359619000162,7.031.311-3,JOSE MARCIO SALVIANO INDUSTRIA DE EMBALAGENS LTDA,BARBALHA,22.22-6-00 - Fabricação de embalagens de material plástico,31/01/2023,31/12/2032,PROVIN,50,-,Em andamento,NÃO
176,36573109000165,6.251.701-5,JUACO INDUSTRIAL LTDA,JUAZEIRO DO NORTE,25.99-3-99 - Fabricação de outros produtos de metal não especificados anteriormente,30/11/2022,31/10/2032,PROVIN,50,-,Em andamento,NÃO
157,31037833000150,6.774.649-7,KANAFLEX DO NORDESTE INDUSTRIA E COMERCIO LTDA,ITAITINGA,22.21-8-00 - Fabricação de laminados planos e tubulares de material plástico,30/11/2021,31/10/2031,PROVIN,60,-,Em andamento,NÃO
20,4396417000176,63127393,KINCCAL-KAIANA INDUSTRIA DE COMPONENTES E CALCADOS LTDA,BARBALHA,15.33-5-00 - Fabricação de calçados de material sintético,31/12/2002,30/11/2027,PROVIN,110,-,Em andamento,SIM
143,89637490016815,6.283.803-2,KLABIN S.A.,HORIZONTE,17.33-8-00 - Fabricação de chapas e de embalagens de papelão ondulado,31/10/2020,30/09/2030,PROVIN,140,-,Em andamento,SIM
167,10267323000108,6.366.431-3,L & P COMERCIO E INDUSTRIA DE FRUTAS LTDA,JAGUARIBE,"10.33-3-01 - Fabricação de sucos concentrados de frutas, hortaliças e legumes",30/09/2010,31/08/2030,PROVIN,100,-,Em andamento,SIM
89,33011971000196,6.936.285-8,LABOTRAT INDÚSTRIA DE COSMÉTICOS LTDA,EUSÉBIO,"20.63-1-00 - Fabricação de cosméticos, produtos de perfumaria e de higiene pessoal",30/11/2023,31/12/2032,PROVIN,302,-,Em andamento,SIM
39,13711126000116,6.570.530-0,LEONARDO DE PAULA FREITAS GUIMARAES EIRELI ,CAUCAIA,"28.29-1-99 - Fabricação de outras máquinas e equipamentos de uso geral não especificados anteriormente, peças e acessórios",31/12/2022,30/11/2032,PROVIN,50,-,Em andamento,NÃO
81,18363125000141,6.526.526-2,LEY INDUSTRIA DE COLCHOES LTDA,EUSÉBIO,31.04-7-00 - Fabricação de colchões,30/11/2014,31/12/2032,PROVIN,205,-,Em andamento,SIM
253,2014328000192,6.990.628-9,LIKO NORDESTE INDUSTRIA E COMERCIO DE PRODUTOS QUIMICOS LTDA,MARANGUAPE,"20.71-1-00 - Fabricação de tintas, vernizes, esmaltes e lacas",31/05/1998,31/12/2032,PROVIN,25,-,Em andamento,NÃO
243,8208505000158,6.198.817-0,LUMAR INDUSTRIA E COMERCIO DE PLASTICOS LTDA,MARACANAÚ,22.29-3-01 - Fabricação de artefatos de material plástico para uso pessoal e doméstico,31/08/2024,31/12/2032,PROVIN,356,-,Em andamento,SIM
235,10220089000155,6.374.606-9,LUNELLI TEXTIL NORDESTE LTDA.,MARACANAÚ,"14.12-6-01 - Confecção de peças de vestuário, exceto roupas íntimas e as confeccionadas sob medida (Dispensada *)",31/12/2009,30/11/2029,PROADE,1502,-,Em andamento,SIM
285,1933349000572, 07.049.405-3,LUPO NORDESTE LTDA,PACATUBA,"14.12-6-01 - Confecção de peças de vestuário, exceto roupas íntimas e as confeccionadas sob medida",31/12/2022,30/01/2032,PROADE,1100,-,Em andamento,NÃO
116,7206816002835,6.983.867-4,M DIAS BRANCO S/A INDUSTRIA E COMERCIO DE ALIMENTOS,FORTALEZA,10.43-1-00 - Fabricação de margarina e outras gorduras vegetais e de óleos não-comestíveis de animais,30/04/2022,31/12/2032,PROVIN,320,-,Em andamento,NÃO
83,7206816000115,6.102.615-8,M DIAS BRANCO S/A INDUSTRIA E COMERCIO DE ALIMENTOS,EUSÉBIO,10.62-7-00 - Moagem de trigo e fabricação de derivados,31/08/2015,31/12/2032,PROVIN,315,-,Em andamento,SIM
103,7206816002401,6.864.554-6,M DIAS BRANCO S/A INDUSTRIA E COMERCIO DE ALIMENTOS,FORTALEZA,10.62-7-00 - Moagem de trigo e fabricação de derivados,31/01/1993,31/12/2032,PROVIN,34,,Em andamento,SIM
149,10931203000155,6.395.762-0,M J DO ROSÁRIO LTDA,ICAPUÍ,10.31-7-00 - Fabricação de conservas de frutas,31/05/2025,31/12/2032,PROVIN,100,-,Em andamento,NÃO
267,73584245000187,6.884.496-4,MADRESILVA INDUSTRIA DE MOVEIS LTDA,MARCO,31.01-2-00 - Fabricação de móveis com predominância de madeira,31/08/2013,31/12/2032,PROVIN,129,-,Em andamento,SIM
124,10783660001383,7.158.184-7,MAGNUM COMPANHIA DE PNEUS S.A.,FORTALEZA,45.30-7-02 - Comércio por atacado de pneumáticos e câmaras-de-ar,01/10/2024,30/09/2026,PCDM,10,-,Em andamento,NÃO
36,2974336000342,6.393.101-0,MALIBRU AGRO INDUSTRIA DISTRIBUICAO IMPORTACAO E EXPORTACAO,CAUCAIA,"46.39-7-02 - Comércio atacadista de produtos alimentícios em geral, com atividade de fracionamento e acondicionamento associada",31/07/2012,31/10/2027,PCDM,36,-,Em andamento,NÃO
231,55064562002134,6.754.687-0,MAQUINAS AGRICOLAS JACTO S A,MARACANAÚ,22.22-6-00 - Fabricação de embalagens de material plástico,26/08/2019,31/07/2027,PROVIN,500,,Em andamento,NÃO
91,19542918000190,6.202.996-7,MARFIM INDÚSTRIA TÊXTIL DO CEARÁ LTDA,EUSÉBIO,13.59-6-00 - Fabricação de outros produtos têxteis não especificados anteriormente (Dispensada *),30/11/2007,31/10/2027,PROVIN,55,-,Em andamento,SIM
31,8175053000155,6.197.411-0,MARTEXTIL INDUSTRIA E COMERCIO TEXTIL LTDA,CASCAVEL,"13.54-5-00 - Fabricação de tecidos especiais, inclusive artefatos",31/12/2006,30/11/2026,PROVIN,50,-,Em andamento,NÃO
99,32392393000112,6.797.937-8,MAXCO COMERCIAL DE PRODUTOS DE ESCRITÓRIO LTDA,FORTALEZA,46.51-6-01 - Comércio atacadista de equipamentos de informática,18/12/2023,31/12/2027,PCDM,12,-,Em andamento,NÃO
142,24120885000201,6.549.231-5,MAXIMAPLASTIC INDÚSTRIA E COMÉRCIO DE PLÁSTICOS LTDA,HORIZONTE,22.29-3-01 - Fabricação de artefatos de material plástico para uso pessoal e doméstico,31/12/2017,30/11/2027,PROVIN,100,-,Em andamento,SIM
16,46883472000130,7.070.224-1,MAZZUCO INDÚSTRIA DE DERIVADOS DA MANDIOCA LTDA,ARARIPE,10.63-5-00 - Fabricação de farinha de mandioca e derivados,31/08/2025,31/12/2032,PROVIN,70,-,Em andamento,SIM
165,48321315000167,7.162.035-4,MCMA INDÚSTRIA DISTRIBUIÇÃO IMPORTAÇÃO E EXPORTAÇÃO LTDA,ITAPIPOCA,"13.12-0-00 - Preparação e fiação de fibras têxteis naturais, exceto algodão",28/02/2025,31/01/2030,PROVIN,46,-,Em andamento,NÃO
284,4794651000151,6.318.956-9,MECESA EMBALAGENS S/A,PACATUBA,22.22-6-00 - Fabricação de embalagens de material plástico,31/12/2002,30/11/2032,PROVIN,679,-,Em andamento,NÃO
57,57958785000127,7.221.770-7,MECOR COMÉRCIO E IMPORTAÇÃO LTDA,CAUCAIA,"46.92-3-00 - Comércio atacadista de mercadorias em geral, com predominância de insumos agropecuários",01/08/2025,31/12/2028,PCDM,9,-,Em andamento,NÃO
330,11366487000147,6.608.292-7,MELBROS INDUSTRIA E COMERCIO DE CALÇADOS LTDA,TAUÁ,15.33-5-00 - Fabricação de calçados de material sintético,28/02/2015,31/12/2032,PROVIN,950,-,Em andamento,NÃO
174,18467419000202,06.342.843-1,MERI POBO AGROPECUÁRIA LTDA,JAGUARUANA,01.19-9-07 - Cultivo de melão,30/04/2023,31/12/2032,PROVIN,407,,Em andamento,SIM
79,21658572000132,6.745.889-0,METALIX ESTRUTURAS METÁLICAS LTDA ,EUSÉBIO,25.11-0-00 - Fabricação de estruturas metálicas,01/03/2022,28/02/2030,PROVIN,108,-,Em andamento,SIM
76,1397886000111,6.976.298-8,METALMECANICA MAIA LTDA,EUSÉBIO,25.99-3-99 - Fabricação de outros produtos de metal não especificados anteriormente,31/08/2010,31/12/2032,PROVIN,82,-,Em andamento,SIM
238,6917678000110,6.801.674-3,METALÚRGICA BACE LTDA,MARACANAÚ,"30.92-0-00 - Fabricação de bicicletas e triciclos não-motorizados, peças e acessórios",31/12/2023,30/11/2031,PROVIN,20,-,Em andamento,SIM
67,9424716000271,6.384.034-0,MI2 COMERCIAL IMPORTADORA E EXPORTADORA LTDA                    ,EUSÉBIO,46.41-9-01 - Comércio atacadista de tecidos,28/02/2014,31/01/2029,PCDM,29,-,Em andamento,SIM
3,41427337000400,7.130.910-1,MINERADORA DE ÁGUA LÍMPIDA LTDA,AQUIRAZ,11.21-6-00 - Fabricação de águas envasadas,31/08/2024,31/07/2032,PROVIN,75,-,Em andamento,NÃO
323,7815640000107,6.322.067-9,MOAGEIRA SERRA GRANDE EIRELI,SOBRAL,10.81-3-02 - Torrefação e moagem de café,30/11/2009,31/10/2029,PROVIN,290,-,Em andamento,SIM
22,22568532000162,6.399.274-4,MOB-RAIL INDUSTRIA E COMERCIO DE TRENS S/A,BARBALHA,"31.03-9-00 - Fabricação de móveis de outros materiais, exceto madeira e metal",28/02/1999,31/01/2024,PROVIN,150,Prorrogação em andamento.,Em andamento,SIM
115,16383848000772,6.741.321-8,"MOBIT - MOBILIDADE, ILUMINACAO E TECNOLOGIA LTDA",FORTALEZA,62.02-3-00 - Desenvolvimento e licenciamento de programas de computador customizáveis,31/08/2021,31/07/2031,PROVIN,316,-,Em andamento,NÃO
281,5111625000144,6.681.404-9,MOVENORD - MOVEIS DO NORDESTE LTDA,PACATUBA,31.01-2-00 - Fabricação de móveis com predominância de madeira,30/09/2003,31/12/2032,PROVIN,176,-,Em andamento,NÃO
320,72347149000152,6.200.705-0,MSG INDUSTRIA E COMERCIO DE ALIMENTOS LTDA,SOBRAL,"10.64-3-00 - Fabricação de farinha de milho e derivados, exceto óleos de milho",31/05/2011,30/04/2031,PROVIN,204,-,Em andamento,SIM
170,2656686000107,6.269.677-7,MULTICOR - INDUSTRIA TEXTIL LTDA,JAGUARUANA,13.11-1-00 - Preparação e fiação de fibras de algodão,30/06/2000,31/12/2027,PROVIN,80,-,Em andamento,SIM
145,7576952000440,6.649.180-0,NATURAGUA ÁGUAS MINERAIS INDUSTRIA E COMERCIO S/A,HORIZONTE,11.21-6-00 - Fabricação de águas envasadas,28/02/2019,31/03/2029,PROVIN,345,-,Em andamento,SIM
198,7194824000199,6.180.936-5,NATURAL WAX INDUSTRIA DE CERA LTDA,MARACANAÚ,"10.42-2-00 - Fabricação de óleos vegetais refinados, exceto óleo de milho",31/12/2006,30/11/2026,PROVIN,20,-,Em andamento,SIM
328,11909814000402,6.526.601-3,NEORUBBER INDUSTRIA DE SANDALIAS LTDA,SOLONÓPOLE,15.39-4-00 - Fabricação de calçados de materiais não especificados anteriormente,30/11/2014,31/12/2032,PROVIN,208,-,Em andamento,NÃO
327,11909814000674,6.799.403-2,NEORUBBER INDUSTRIA DE SANDALIAS LTDA,SOLONÓPOLE,15.39-4-00 - Fabricação de calçados de materiais não especificados anteriormente,31/03/2021,28/02/2031,PROVIN,56,-,Em andamento,SIM
225,20593185000100,6.354.724-4,NEW PLASTIC INDUSTRIA E COMERCIO DE PLASTICOS LTDA,MARACANAÚ,22.29-3-01 - Fabricação de artefatos de material plástico para uso pessoal e doméstico,28/02/2016,30/01/2026,PROVIN,300,-,Em andamento,NÃO
17,5382997000610,7.187.413-5,NEWMAQ ELETRODOMÉSTICOS LTDA,AURORA,"27.51-1-00 - Fabricação de fogões, refrigeradores e máquinas de lavar e secar para uso doméstico, peças e acessórios",31/10/2024,31/12/2032,PROVIN,21,-,Em andamento,NÃO
62,10741756000145,6.378.587-0,NOPERFIL INDÚSTRIA E COMÉRCIO LTDA EPP,CRATO,25.92-6-01 - Fabricação de produtos de trefilados de metal padronizados,28/02/2016,30/01/2026,PROVIN,124,-,Em andamento,SIM
234,7196033002141,6.003.667-2,NORSA REFRIGERANTES S/A,MARACANAÚ,11.22-4-99 - Fabricação de outras bebidas não-alcoólicas não especificadas anteriormente,31/01/1998,30/04/2032,PROVIN,1253,,Em andamento,SIM
59,21098008000102,6.353.663-3,NORTEC INDUSTRIA DE PLASTICOS LTDA,CHOROZINHO,22.23-4-00 - Fabricação de tubos e acessórios de material plástico para uso na construção,28/02/2016,30/01/2026,PROVIN,25,-,Em andamento,NÃO
291,10417944000112,6.384.088-0,NOSSA FRUTA BRASIL INDUSTRIA DE ALIMENTOS LTDA,PEREIRO,10.31-7-00 - Fabricação de conservas de frutas,31/07/2012,30/06/2032,PROVIN,44,-,Em andamento,SIM
171,18067083000100,6.512.989-0,NOVA FIACAO INDUSTRIA TEXTIL S/A,JAGUARUANA,13.11-1-00 - Preparação e fiação de fibras de algodão,31/03/2014,31/12/2027,PROVIN,157,-,Em andamento,SIM
7,3633326000225,6.209.078-0,NTB - NORDESTE TORRES DO BRASIL LTDA,AQUIRAZ,25.13-6-00 - Fabricação de obras de caldeiraria pesada,31/03/2008,28/02/2028,PROVIN,250,-,Em andamento,NÃO
108,69363174000115,6.923.616-0,NUTERAL INDUSTRIA DE FORMULAÇÕES NUTRICIONAIS LTDA,FORTALEZA,10.99-6-99 - Fabricação de outros produtos alimentícios não especificados anteriormente,31/12/2017,30/11/2027,PROVIN,90,-,Em andamento,SIM
82,27568657000106,6.654.410-06,"OK ENERGY, IMPORTACAO E EXPORTACAO LTDA",EUSÉBIO,"27.10-4-01 - Fabricação de geradores de corrente contínua e alternada, peças e acessórios",31/01/2023,31/12/2030,PROVIN,231,-,Em andamento,SIM
213,3941904000100,6.698.640-0,OSASUNA PARTICIPACOES LTDA,MARACANAÚ,13.30-8-00 - Fabricação de tecidos de malha,31/08/1999,31/12/2032,PROADE,125,,Em andamento,SIM
237,3941904000703,6.404.589-7,OSASUNA PARTICIPACOES LTDA                          ,MARACANAÚ,46.89-3-02 - Comércio atacadista de fios e fibras beneficiados,31/05/2011,30/04/2026,PCDM,-,-,Em andamento,NÃO
307,9608037000767,6.337.766-7,OUROFERTIL NORDESTE LTDA,SÃO GONÇALO DO AMARANTE,"20.13-4-02 - Fabricação de adubos e fertilizantes, exceto organo-minerais",31/01/2023,31/12/2032,PROVIN,100,-,Em andamento,SIM
305,9608037000252,6.367.342-8,OUROFERTIL NORDESTE LTDA,SÃO GONÇALO DO AMARANTE,"46.83-4-00 - Comércio atacadista de defensivos agrícolas, adubos, fertilizantes e corretivos do solo",31/01/2023,31/12/2027,PCDM,5,-,Em andamento,SIM
151,20689534000265,6.491.597-2,PALMINORTE INDÚSTRIA DE COMPONENTES PARA CALÇADOS LTDA,IRAUCUBA,"15.40-8-00 - Fabricação de partes para calçados, de qualquer material",31/05/2018,30/04/2028,PROVIN,75,-,Em andamento,NÃO
117,7295413000190,6.109.123-5,PASSAMANARIA DO NORDESTE SA,FORTALEZA,13.59-6-00 - Fabricação de outros produtos têxteis não especificados anteriormente,31/08/2009,31/12/2027,PROVIN,350,-,Em andamento,SIM
46,30647870000207,61255300,PEDALUSA ALIMENTOS S.A.,CAUCAIA,10.92-9-00 - Fabricação de biscoitos e bolachas,30/06/2022,31/05/2032,PROVIN,101,,Em andamento,SIM
5,30647870000118,6.771.239-8,PEDALUSA ALIMENTOS S.A.,AQUIRAZ,10.62-7-00 - Moagem de trigo e fabricação de derivados,31/08/2019,31/07/2029,PROVIN,100,-,Em andamento,NÃO
206,7945652000148,6.152.900-1,PEMALEX INDUSTRIA E COMERCIO LTDA,MARACANAÚ,"13.54-5-00 - Fabricação de tecidos especiais, inclusive artefatos",31/12/2004,31/12/2027,PROVIN,60,-,Em andamento,NÃO
80,47191233000182,07.075793-3,PERFIL INDUSTRIA DE CADERNOS LTDA ,EUSÉBIO,"17.41-9-02 - Fabricação de produtos de papel, cartolina, papel cartão e papelão ondulado para uso comercial e de escritório, exceto formulário contínuo",31/08/2023,31/12/2032,PROVIN,201,-,Em andamento,NÃO
68,2759697000104,6.280.540-1,PERFISUL INDUSTRIA E COMERCIO LTDA,EUSÉBIO,25.99-3-99 - Fabricação de outros produtos de metal não especificados anteriormente,31/07/2000,30/06/2030,PROVIN,30,-,Em andamento,SIM
199,3316935000170,6.285.049-0,PERSEU PVC INDUSTRIA EIRELLI,MARACANAÚ,22.29-3-99 - Fabricação de artefatos de material plástico para outros usos não especificados anteriormente,30/04/2002,31/03/2027,PROVIN,20,-,Em andamento,SIM
249,1740627000494,6.285.520-4,PFM COMERCIAL LTDA,MARACANAÚ,46.49-4-99 - Comércio atacadista de outros equipamentos e artigos de uso pessoal e doméstico não especificados anteriormente,01/05/2025,31/12/2028,PCDM,7,-,Em andamento,NÃO
106,12340717000161,6.093.064-0,POINT SUTURE DO BRASIL INDUSTRIA DE FIOS CIRURGICOS LTDA,FORTALEZA,21.23-8-00 - Fabricação de preparações farmacêuticas,30/06/1994,31/08/2026,PROVIN,58,-,Em andamento,SIM
47,29067113030265,6.494.143-4,POLIMIX CONCRETO LTDA,CAUCAIA,23.20-6-00 - Fabricação de cimento,31/08/2021,31/07/2031,PROVIN,110,-,Em andamento,SIM
300,23159702000118,6.472.668-1,POLYSPACE INDUSTRIA DE ACESSORIOS PARA CASA E BANHO LTDA,REDENÇÃO,22.29-3-01 - Fabricação de artefatos de material plástico para uso pessoal e doméstico,31/12/2016,30/11/2026,PROVIN,350,-,Em andamento,SIM
196,3085541000158,6.278.578-8,PQVIRK INDUSTRIA E COMERCIO DE PRODUTOS QUIMICOS LTDA,MARACANAÚ,20.93-2-00 - Fabricação de aditivos de uso industrial,30/09/2010,30/08/2026,PROVIN,8,-,Em andamento,NÃO
280,1532081000214,6.321.422-9,PREMAZON PREMOLDADOS DE CONCRETO E FIBRA LTDA,PACATUBA,23.30-3-02 - Fabricação de artefatos de cimento para uso na construção,31/03/2014,28/02/2030,PROVIN,78,-,Em andamento,NÃO
66,52367400000133,	07.155.451-3,PREMIUM INDUSTRIA DE VIDROS E ALUMINO LTDA,CRATO,23.11-7-00 - Fabricação de vidro plano e de segurança,28/08/2025,31/12/2032,PROVIN,105,,Em andamento,NÃO
101,33089180000260,6.156.479-6,PRLV INDUSTRIA DE SUPLEMENTOS ALIMENTARES LTDA,FORTALEZA,10.99-6-99 - Fabricação de outros produtos alimentícios não especificados anteriormente,31/07/2020,31/05/2030,PROVIN,25,-,Em andamento,NÃO
77,41632928000176,6.911.241-0,PROJEART INDUSTRIA DE ESTRUTURAS METALICAS LTDA,EUSÉBIO,25.92-6-01 - Fabricação de produtos de trefilados de metal padronizados,31/01/2005,31/12/2032,PROVIN,98,-,Em andamento,SIM
92,41632928000680,7.198.261-2,PROJEART INDÚSTRIA DE ESTRUTURAS METÁLICAS LTDA,EUSÉBIO,"46.85-1-00 - Comércio atacadista de produtos siderúrgicos e metalúrgicos, exceto para construção",12/08/2025,31/12/2028,PCDM,20,-,Em andamento,NÃO
302,5774283000142,6.681.568-1,"PROPEL - PROJETOS, CONSTRUÇÕES E PRE-MOLDADOS LTDA",RUSSAS,"23.30-3-01 - Fabricação de estruturas pré-moldadas de concreto armado, em série e sob encomenda",30/11/2023,31/12/2032,PROVIN,88,-,Em andamento,NÃO
175,1141531000167,6.970.291-8,PVC INDUSTRIA E COMERCIO DE PLASTICOS LTDA,JUAZEIRO DO NORTE,15.33-5-00 - Fabricação de calçados de material sintético,31/03/1997,31/12/2032,PROVIN,24,-,Em andamento,SIM
40,11444580000122,6.412.350-2,PVCTEC INDUSTRIA E COMERCIO DE POLIMEROS LTDA,CAUCAIA,"22.29-3-03 - Fabricação de artefatos de material plástico para uso na construção, exceto tubos e acessórios",31/07/2012,30/06/2030,PROVIN,52,-,Em andamento,NÃO
132,28778239000106,6.699.251-6,QUÍMICA GUAIÚBA LTDA,GUAIUBA,20.62-2-00 - Fabricação de produtos de limpeza e polimento,30/11/2023,31/12/2032,PROVIN,100,-,Em andamento,NÃO
332,43439191000103,7.065.265-1,QUINAMUIU INDÚSTRIA S.A.,TAUÁ,22.19-6-00 - Fabricação de artefatos de borracha não especificados anteriormente,31/10/2024,31/12/2032,PROVIN,200,-,Em andamento,NÃO
158,12645482000116,64119971,R.R. METAL INDUSTRIA E COMERCIO DE FERRAGENS LTDA ,ITAITINGA,24.52-1-00 - Fundição de metais não-ferrosos e suas ligas,31/03/2020,28/02/2028,PROVIN,100,-,Em andamento,SIM
109,7284656000122,61087491,RANCO EMBALAGENS S/A,FORTALEZA,17.31-1-00 - Fabricação de embalagens de papel,30/09/2004,31/08/2027,PROVIN,105,,Em andamento,SIM
93,1754239002082,64822672,REFRIGERAÇÃO DUFRIO COMÉRCIO E IMPORTAÇÃO LTDA,FORTALEZA,46.65-6-00 - Comércio atacadista de máquinas e equipamentos para uso comercial; partes e peças,27/07/2017,31/12/2027,PCDM,38,,Em andamento,SIM
177,8472909000154,62020641,RIO DO PEIXE INDUSTRIA DE ÁGUA MINERAL LTDA,JUAZEIRO DO NORTE,11.21-6-00 - Fabricação de águas envasadas,01/08/2013,31/12/2032,PROVIN,52,,Em andamento,SIM
48,75801902002927,61550388,ROCA SANITARIOS BRASIL LTDA,CAUCAIA,23.49-4-01 - Fabricação de material sanitário de cerâmica,01/12/2022,30/11/2032,PROVIN,110,,Em andamento,NÃO
86,38185913000100,6.198.606-2,ROCKET DO NORDESTE COMÉRCIO DE PEÇAS E CICLOMOTORES LTDA,EUSÉBIO,45.41-2-02 - Comércio por atacado de peças e acessórios para motocicletas e motonetas,20/12/2023,30/11/2025,PCDM,5,-,Em andamento,NÃO
222,73770273000199,69139431,ROMAZI COMERCIO E INDUSTRIA DE PLASTICOS LTDA,MARACANAÚ,22.29-3-01 - Fabricação de artefatos de material plástico para uso pessoal e doméstico,31/10/2015,30/09/2025,PROVIN,234,Prorrogação em andamento.,Em andamento,SIM
264,3875890000173,62989898,RUAH INDUSTRIA E COMERCIO DE MOVEIS LTDA,MARCO,31.01-2-00 - Fabricação de móveis com predominância de madeira,01/08/2013,31/12/2032,PROVIN,82,,Em andamento,SIM
262,3875890002036,64771806,RUAH INDÚSTRIA E COMÉRCIO DE MÓVEIS LTDA,MARCO,46.49-4-04 - Comércio atacadista de móveis e artigos de colchoaria,07/12/2016,31/12/2027,PCDM,10,-,Em andamento,NÃO
28,7861712000225,65063163,RUBBERLOSS INDUSTRIA DE ARTEFATOS DE BORRACHA LTDA,CANINDE,"15.40-8-00 - Fabricação de partes para calçados, de qualquer material",30/06/2014,31/12/2032,PROVIN,303,,Em andamento,NÃO
32,11509459000131,63925516,RUDOLF SIZING NORDESTE AGRICOLA E INDUSTRIA LTDA,CASCAVEL,10.65-1-01 - Fabricação de amidos e féculas de vegetais,31/10/2015,30/11/2025,PROVIN,52,Prorrogação em andamento.,Em andamento,NÃO
180,4770484000109,63176416,SABAO JUA INDUSTRIA E COMERCIO LTDA,JUAZEIRO DO NORTE,20.61-4-00 - Fabricação de sabões e detergentes sintéticos,31/08/2010,30/04/2030,PROVIN,83,-,Em andamento,SIM
279,61064838013111,65582691,SAINT-GOBAIN DO BRASIL PRODUTOS INDUSTRIAIS E PARA CONSTRUÇÃO LTDA.,PACATUBA,23.99-1-99 - Fabricação de outros produtos de minerais não-metálicos não especificados anteriormente,31/01/2017,30/12/2026,PROVIN,26,,Em andamento,NÃO
113,41426487000156,68975880,SANGATI BERGA S/A,FORTALEZA,"28.69-1-00 - Fabricação de máquinas e equipamentos para uso industrial específico não especificados anteriormente, peças e acessórios",30/09/2003,30/11/2026,PROVIN,140,,Em andamento,SIM
144,72418478000147,69221138,SANTANA TEXTIL S/A,HORIZONTE,13.21-9-00 - Tecelagem de fios de algodão,30/06/2004,31/12/2032,PROADE,248,-,Em andamento,SIM
8,6604714000276,60178043,SANTELISA INDUSTRIA DE EMBALAGENS S/A,AQUIRAZ,17.31-1-00 - Fabricação de embalagens de papel,31/12/2006,31/07/2030,PROVIN,250,-,Em andamento,NÃO
71,5997125000151,66870143,SAO BRAZ INDUSTRIA DE BEBIDAS LTDA,EUSÉBIO,11.11-9-02 - Fabricação de outras aguardentes e bebidas destiladas,31/03/2005,30/09/2025,PROVIN,58,Prorrogação em andamento.,Em andamento,SIM
244,61149886000809,7.110.979-0,SCALINA LTDA,MARACANAÚ,13.30-8-00 - Fabricação de tecidos de malha,30/04/2024,31/12/2032,PROVIN,666,-,Em andamento,NÃO
306,41251355000130,64296210,SG PRE-MOLDADOS LTDA,SÃO GONÇALO DO AMARANTE,"23.30-3-01 - Fabricação de estruturas pré-moldadas de concreto armado, em série e sob encomenda",30/12/2017,30/11/2027,PROVIN,12,,Em andamento,NÃO
45,1752475000105,69855323,SITEC TEXTIL INDUSTRIA E COMERCIO LTDA,CAUCAIA,13.59-6-00 - Fabricação de outros produtos têxteis não especificados anteriormente (Dispensada *),31/07/2017,30/06/2027,PROVIN,100,,Em andamento,NÃO
255,23524952001424,7.139.352-8,SMURFIT KAPPA DO BRASIL INDÚSTRIA DE EMBALAGENS S.A.,MARANGUAPE,17.33-8-00 - Fabricação de chapas e de embalagens de papelão ondulado,30/11/1998,31/10/2028,PROVIN,60,-,Em andamento,SIM
70,48101031000165,70892539,"SOU TECH DISTRIBUIDORA, COMERCIO DE PRODUTOS ELETRONICOS LTDA",EUSÉBIO,46.69-9-99 - Comércio atacadista de outras máquinas e equipamentos não especificados anteriormente; partes e peças,31/12/2022,31/12/2027,PCDM,40,,Em andamento,NÃO
315,4358307000110,63149591,SUGAR SHOES INDUSTRIA DE CALÇADOS LTDA,SENADOR POMPEU,15.39-4-00 - Fabricação de calçados de materiais não especificados anteriormente,30/04/2002,31/03/2027,PROVIN,600,-,Em andamento,SIM
314,4358307000624,67162444,SUGAR SHOES INDÚSTRIA DE CALÇADOS LTDA,SENADOR POMPEU,"15.40-8-00 - Fabricação de partes para calçados, de qualquer material",30/09/2022,31/08/2032,PROVIN,207,,Em andamento,SIM
217,7467822000126,61090468,SUMITOMO CHEMICAL BRASIL INDUSTRIA QUIMICA S.A.,MARACANAÚ,20.51-7-00 - Fabricação de defensivos agrícolas,31/12/2004,31/07/2027,PROVIN,150,-,Em andamento,SIM
224,16404287069430,69826200,SUZANO S/A,MARACANAÚ,17.42-7-99 - Fabricação de produtos de papel para uso doméstico e higiênico-sanitário não especificados anteriormente,31/12/1997,30/11/2027,PROVIN,255," ANTIGA FACEPA, CNPJ ANTGIO: 49.909.479/0005-68",Em andamento,NÃO
114,7603376000130,06.014463-7,TBM S A INDUSTRIA TEXTIL,FORTALEZA,13.11-1-00 - Preparação e fiação de fibras de algodão (Dispensada *),31/07/2023,31/12/2032,PROADE,150,-,Em andamento,SIM
105,7272825000104,61789704,TECNO INDUSTRIA E COMERCIO DE COMPUTADORES LTDA,FORTALEZA,26.21-3-00 - Fabricação de equipamentos de informática,31/08/2008,31/07/2032,PROVIN,52,,Em andamento,SIM
125,7272825001003,6.420.676-9,TECNO INDUSTRIA E COMERCIO DE COMPUTADORES LTDA,FORTALEZA,46.52-4-00 - Comércio atacadista de componentes eletrônicos e equipamentos de telefonia e comunicação,16/05/2014,31/12/2027,PCDM,16,-,Em andamento,NÃO
73,4439228000133,63118351,TECNOQUIMICA INDUSTRIA E COMERCIO LTDA,EUSÉBIO,20.62-2-00 - Fabricação de produtos de limpeza e polimento,31/07/2007,31/12/2032,PROVIN,60,-,Em andamento,SIM
30,39253979000145,62241583,TECSHOES LATINOAMERICA INDUSTRIA DE CALCADOS LTDA,CARIDADE,15.31-9-01 - Fabricação de calçados de couro,31/08/2022,31/07/2032,PROVIN,1704,,Em andamento,SIM
1,29092232000441,7.075.518-3,TERRA DO SOL DISTRIBUIDORA DE PAPELARIA E ESCRITÓRIO LTDA,AQUIRAZ,46.47-8-01 - Comércio atacadista de artigos de escritório e de papelaria,08/01/2024,31/12/2027,PCDM,5,-,Em andamento,NÃO
212,4706416000180,68229569,TINTAS HIDRACOR S/A,MARACANAÚ,"20.71-1-00 - Fabricação de tintas, vernizes, esmaltes e lacas",31/01/1999,31/12/2024,PROVIN,120,Prorrogação em andamento.,Em andamento,SIM
135,42954210000169,7.197.260-9,TOPAZIO INDÚSTRIA DO CEARÁ LTDA,GUAIUBA,31.04-7-00 - Fabricação de colchões,31/01/2025,31/12/2032,PROVIN,250,-,Em andamento,NÃO
299,4639828000226,64674843,TOPSHOES INDUSTRIA DE CALCADOS SA,QUIXERÉ,15.31-9-01 - Fabricação de calçados de couro,31/03/2020,28/02/2030,PROADE,408,,Em andamento,SIM
126,51881650000124,7.155.707-5,TOSCANA CERVEJARIA LTDA,FORTALEZA,11.13-5-02 - Fabricação de cervejas e chopes,31/10/2024,31/12/2032,PROVIN,50,-,Em andamento,SIM
88,63310411000101,6.864.509-0,TRÊS CORAÇÕES ALIMENTOS S.A.,EUSÉBIO,10.81-3-02 - Torrefação e moagem de café,30/04/2010,30/07/2028,PROVIN,35,-,Em andamento,SIM
188,6956391000107,63667223,TREVO INDUSTRIAL DE ACARTONADOS S/A,JUAZEIRO DO NORTE,23.99-1-99 - Fabricação de outros produtos de minerais não-metálicos não especificados anteriormente,31/05/2010,30/04/2030,PROVIN,145,,Em andamento,SIM
269,3433003000298,7.128.837-6,TRONCUS WOOD TRANSPORTES E REFLORESTAMENTOS LTDA,MARCO,16.10-2-03 - Serrarias com desdobramento de madeira em bruto,31/01/2025,31/12/2032,PROVIN,307,-,Em andamento,NÃO
190,44673123000169,70363277,TROPIMAX INDUSTRIA E COMERCIO DE CALCADOS LTDA,JUAZEIRO DO NORTE,15.39-4-00 - Fabricação de calçados de materiais não especificados anteriormente,31/01/2023,31/12/2032,PROVIN,200,,Em andamento,SIM
58,56237277000197,7.215.979-0,TSA TECNOLOGIA EM SUSPENSÃO AUTOMOTIVA LTDA,CAUCAIA,29.44-1-00 - Fabricação de peças e acessórios para o sistema de direção e suspensão de veículos automotores,31/08/2025,31/07/2029,PROVIN,200,-,Em andamento,NÃO
168,1802541000104,69867615,TUBOARTE INDUSTRIA E COMERCIO EIRELI - ME,JAGUARIBE,31.01-2-00 - Fabricação de móveis com predominância de madeira,28/02/1998,31/12/2029,PROVIN,126,,Em andamento,SIM
138,3466523000116,62882236,TUBOTECNICO IND COM EMBALAGENS LTDA,HORIZONTE,17.32-0-00 - Fabricação de embalagens de cartolina e papel-cartão,31/04/2004,30/04/2030,PROVIN,55,,Em andamento,SIM
104,7203904000163,61634328,UNITEXTIL UNIAO INDUSTRIAL TEXT S/A,FORTALEZA,13.21-9-00 - Tecelagem de fios de algodão,31/12/2004,31/12/2027,PROVIN,50,,Em andamento,SIM
208,6348562000107,66938767,VAREJAO DA SUCATA LTDA                                      ,MARACANAÚ,46.87-7-03 - Comércio atacadista de resíduos e sucatas metálicos,31/05/2009,30/04/2027,PCDM,64,-,Em andamento,SIM
9,4919351000232,64236331,VESTAS DO BRASIL ENERGIA EÓLICA LTDA,AQUIRAZ,"27.10-4-03 - Fabricação de motores elétricos, peças e acessórios",31/03/2016,31/12/2032,PIER,282,-,Em andamento,SIM
268,37119657000182,06.257499-0,VIA COCO AGROINDUSTRIAL LTDA,MARCO,"10.33-3-02 - Fabricação de sucos de frutas, hortaliças e legumes, exceto concentrados",31/07/2023,31/12/2032,PROVIN,300,-,Em andamento,SIM
194,12331478000264,67105203,VICUNHA DISTRIBUIDORA DE PRODUTOS TEXTEIS LTDA.             ,MARACANAÚ,46.41-9-01 - Comércio atacadista de tecidos,31/05/2014,31/12/2027,PCDM,3,,Em andamento,NÃO
232,7332190001246,68206283,VICUNHA TEXTIL S/A,MARACANAÚ,13.21-9-00 - Tecelagem de fios de algodão,30/12/1998,31/12/2032,PROADE,800,-,Em andamento,SIM
277,7332190000860,69159319,VICUNHA TEXTIL S/A,PACAJUS,13.21-9-00 - Tecelagem de fios de algodão,30/09/2003,31/12/2032,PROADE,500,-,Em andamento,NÃO
85,8944601000245,66136547,VILLAS BOAS RADIOFÁRMACOS BRASIL S/A,EUSÉBIO,21.23-8-00 - Fabricação de preparações farmacêuticas,31/10/2015,30/09/2031,PROVIN,15,,Em andamento,SIM
215,1558722000714,67103731,VINIARTEFATOS COM. IMP. EXPORT LTDA,MARACANAÚ,22.21-8-00 - Fabricação de laminados planos e tubulares de material plástico,31/08/2014,31/07/2030,PROVIN,143,,Em andamento,NÃO
182,38541972000166,62226312,VITORIA INDUSTRIA E COMERCIO DE CALCADOS LTDA,JUAZEIRO DO NORTE,15.39-4-00 - Fabricação de calçados de materiais não especificados anteriormente,28/02/2032,28/02/2032,PROVIN,100,,Em andamento,SIM
317,10656452005300,63219794,VOTORANTIM CIMENTOS N/NE S/A,SOBRAL,23.20-6-00 - Fabricação de cimento,31/10/1996,31/08/2030,PROVIN,100,-,Em andamento,SIM
41,10656452007192,62165496,VOTORANTIM CIMENTOS N/NE S/A,CAUCAIA,23.20-6-00 - Fabricação de cimento,31/08/2010,31/07/2030,PROVIN,55,-,Em andamento,NÃO
250,52247303000107,7.154.188-8,VPX EMBALAGENS DO BRASIL LTDA,MARACANAÚ,17.31-1-00 - Fabricação de embalagens de papel,31/08/2025,31/12/2032,PROVIN,77,-,Em andamento,NÃO
147,954394000117,6.966.258-4,"VULCABRÁS - CE, CALÇADOS E ARTIGOS ESPORTIVOS S.A.",HORIZONTE,15.39-4-00 - Fabricação de calçados de materiais não especificados anteriormente,31/07/2002,31/12/2032,PROVIN,2847,-,Em andamento,SIM
141,8193994000111,61972827,VULCABRAS DISTRIBUIDORA DE ARTIGOS ESPORTIVOS LTDA          ,HORIZONTE,"46.16-8-00 - Representantes comerciais e agentes do comércio de têxteis, vestuário, calçados e artigos de viagem",30/06/2018,31/12/2027,PCDM,72,,Em andamento,SIM
179,9399618000140,63603578,VULCAMAX INDUSTRIA E COMERCIO DE PRODUTOS VULCANIZADOS LTDA,JUAZEIRO DO NORTE,15.39-4-00 - Fabricação de calçados de materiais não especificados anteriormente,31/03/2021,28/02/2031,PROVIN,70,,Em andamento,NÃO
273,18210939000499,7.197.325-7,W NORDESTE TECIDOS LTDA,MOMBAÇA,"13.54-5-00 - Fabricação de tecidos especiais, inclusive artefatos",31/10/2024,31/12/2032,PROVIN,100,-,Em andamento,NÃO
130,7009769000462,6.930.922-1,WANA INDÚSTRIA E COMÉRCIO DE PRODUTOS QUÍMICOS LTDA,GUAIUBA,20.93-2-00 - Fabricação de aditivos de uso industrial,31/12/2023,31/12/2032,PROVIN,50,-,Em andamento,NÃO
270,27555931000293,7.127.275-5,WARE HOUSE COMÉRCIO ATACADISTA DE MÓVEIS LTDA,MARCO,31.01-2-00 - Fabricação de móveis com predominância de madeira,31/01/2025,31/12/2032,PROVIN,327,-,Em andamento,NÃO
263,27555931000102,7.127.276-3,WARE HOUSE COMÉRCIO ATACADISTA DE MÓVEIS LTDA,MARCO,46.49-4-04 - Comércio atacadista de móveis e artigos de colchoaria,01/08/2024,31/12/2027,PCDM,10,-,Em andamento,NÃO
276,310707000102,69463107,WESTROCK DO NORDESTE INDÚSTRIA DE EMBALAGENS LTDA,PACAJUS,17.33-8-00 - Fabricação de chapas e de embalagens de papelão ondulado,31/05/1996,31/12/2032,PROVIN,225,,Em andamento,NÃO
251,24380578006896,7.051.761-4,WHITE MARTINS GASES INDUSTRIAIS DO NORDESTE LTDA,MARACANAÚ,20.14-2-00 - Fabricação de gases industriais,31/01/2025,31/12/2032,PROVIN,51,-,Em andamento,NÃO
301,90108184000109,63641046,WILAPLAST INDUSTRIA DE INJETADOS LTDA,RUSSAS,22.29-3-02 - Fabricação de artefatos de material plástico para usos industriais,28/02/2009,30/01/2029,PROVIN,55,-,Em andamento,NÃO
207,23598865000105,69677905,YOSHIDA NORDESTE S/A IND E COMERCIO,MARACANAÚ,32.99-0-05 - Fabricação de aviamentos para costura,30/04/1998,30/04/2030,PROVIN,60,-,Em andamento,SIM
161,15209980000104,65997409,YPIOCA INDUSTRIAL DE BEBIDAS S.A,ITAITINGA,11.11-9-01 - Fabricação de aguardente de cana-de-açúcar,28/09/2012,30/11/2026,PROVIN,535,-,Em andamento,NÃO
98,15293108000197,65191889,YPLASTIC EMBALAGENS PLÁSTICAS S/A,FORTALEZA,22.29-3-01 - Fabricação de artefatos de material plástico para uso pessoal e doméstico,31/12/2006,31/01/2028,PROVIN,10,,Em andamento,SIM
295,87439626000420,7.129.915-7,ZAHONERO INDÚSTRIA E COMÉRCIO DE ESPUMAS LTDA,QUIXERAMOBIM,22.19-6-00 - Fabricação de artefatos de borracha não especificados anteriormente,30/06/2024,31/12/2032,PROVIN,110,-,Em andamento,SIM
185,32988630000102,70392846,ZANATTA INDUSTRIA E COMERCIO DE CALCADOS LTDA,JUAZEIRO DO NORTE,15.39-4-00 - Fabricação de calçados de materiais não especificados anteriormente,31/01/2023,31/12/2032,PROVIN,120,,Em andamento,NÃO
282,10892699000103,63927640,ZANOTTI PACATUBA IND COM ARTIG TEXT,PACATUBA,13.59-6-00 - Fabricação de outros produtos têxteis não especificados anteriormente,17/12/2010,30/09/2030,PROVIN,336,-,Em andamento,NÃO
173,43663405000112,70202729,ZEFLEX INDUSTRIA DE COLCHOES LTDA,JAGUARUANA,31.04-7-00 - Fabricação de colchões,31/12/2022,30/11/2032,PROVIN,303,,Em andamento,SIM
337,794161001508,7.172.970-4,ZZSAP INDÚSTRIA E COMÉRCIO DE CALÇADOS LTDA,URUBURETAMA,15.31-9-01 - Fabricação de calçados de couro,31/05/2024,31/12/2032,PROADE,1314,-,Em andamento,NÃO
