dado,aba_portal,link_planilha,arquivo_origem
"Workbook portal (todas as abas do XLSX)","Página Inicial; Programas; Análises (+ abas da API)","https://docs.google.com/spreadsheets/d/e/2PACX-1vRg7NchDQ_1Sk7xbkyF3p8SDurWBGvU2WF_FOFCHgDLBsiqlZGlTHsUt-FMgun6hLCyPMbRO9HYkTU3/pub?output=xlsx","backend/services/sheets.py"
"CAGED municipal","Dados CAGED; Página Inicial (tendência)","https://docs.google.com/spreadsheets/d/e/2PACX-1vS8xs8t6M_BUp6ZfJa501mp3_zD0zhu13bHQxrq2xjfvElfAe_abXC6Pzb0Nubm7aH3aZcFIsAZi41X/pub?output=csv&single=true","frontend/js/map-ce-regioes.js; frontend/js/home-trend.js"
"CAGED por grupamento","CAGED Grupamentos","https://docs.google.com/spreadsheets/d/e/2PACX-1vQonzVybY3GpyG0D-l5xCoWMfd_OKDUQPo7gjPzl6_VWd7mDroCO_VypQvYM7elL-ZelYrS76CJcjYS/pub?gid=0&single=true&output=csv","frontend/js/caged-grupamentos.js"
"Servidores municipais","Perfil Municipal","https://docs.google.com/spreadsheets/d/e/2PACX-1vRY77niZrgeJpcmKNv8BWEUyetRRYARaBk-nRzUFqSvJbTF1OdkneesuAJOHWSg0FVwamjEBJsviFJz/pub?output=csv&single=true&gid=0","frontend/js/map-ce-regioes.js"
"Bolsa Família","Perfil Municipal","https://docs.google.com/spreadsheets/d/e/2PACX-1vRY77niZrgeJpcmKNv8BWEUyetRRYARaBk-nRzUFqSvJbTF1OdkneesuAJOHWSg0FVwamjEBJsviFJz/pub?output=csv&single=true&gid=348511521","frontend/js/map-ce-regioes.js"
"BPC","Perfil Municipal","https://docs.google.com/spreadsheets/d/e/2PACX-1vRY77niZrgeJpcmKNv8BWEUyetRRYARaBk-nRzUFqSvJbTF1OdkneesuAJOHWSg0FVwamjEBJsviFJz/pub?output=csv&single=true&gid=971288912","frontend/js/map-ce-regioes.js"
"MEI","Perfil Municipal","https://docs.google.com/spreadsheets/d/e/2PACX-1vRY77niZrgeJpcmKNv8BWEUyetRRYARaBk-nRzUFqSvJbTF1OdkneesuAJOHWSg0FVwamjEBJsviFJz/pub?output=csv&single=true&gid=364837787","frontend/js/map-ce-regioes.js"
"Aposentados","Perfil Municipal","https://docs.google.com/spreadsheets/d/e/2PACX-1vRY77niZrgeJpcmKNv8BWEUyetRRYARaBk-nRzUFqSvJbTF1OdkneesuAJOHWSg0FVwamjEBJsviFJz/pub?output=csv&single=true&gid=354167679","frontend/js/map-ce-regioes.js"
"Emprego","Perfil Municipal","https://docs.google.com/spreadsheets/d/e/2PACX-1vRY77niZrgeJpcmKNv8BWEUyetRRYARaBk-nRzUFqSvJbTF1OdkneesuAJOHWSg0FVwamjEBJsviFJz/pub?output=csv&single=true&gid=348392125","frontend/js/map-ce-regioes.js"
"PIB per capita","Perfil Empresas","https://docs.google.com/spreadsheets/d/e/2PACX-1vRY77niZrgeJpcmKNv8BWEUyetRRYARaBk-nRzUFqSvJbTF1OdkneesuAJOHWSg0FVwamjEBJsviFJz/pub?output=csv&single=true&gid=1494490307","frontend/js/map-ce-regioes.js"
"Ceará Credi","Ceará Credi; Página Inicial (programas)","https://docs.google.com/spreadsheets/d/e/2PACX-1vRTxX3SN-bCMQyty2wj0A3_uwzfy5kBAh0Cwuc5cYLn1VxdrpU7n4phpN23xPz7zGUzsKp9rgMvbXR_/pub?gid=1454518536&single=true&output=csv","frontend/js/map-ce-regioes.js; frontend/js/home-programs.js"
"Município Simples","Perfil Empresas","https://docs.google.com/spreadsheets/d/e/2PACX-1vRY77niZrgeJpcmKNv8BWEUyetRRYARaBk-nRzUFqSvJbTF1OdkneesuAJOHWSg0FVwamjEBJsviFJz/pub?output=csv&single=true&gid=161725561","frontend/js/map-ce-regioes.js"
"Empresa por grupamento","Perfil Empresas","https://docs.google.com/spreadsheets/d/e/2PACX-1vRY77niZrgeJpcmKNv8BWEUyetRRYARaBk-nRzUFqSvJbTF1OdkneesuAJOHWSg0FVwamjEBJsviFJz/pub?output=csv&single=true&gid=1090071272","frontend/js/map-ce-regioes.js"
"Empresas por vínculos","Perfil Empresas","https://docs.google.com/spreadsheets/d/e/2PACX-1vRY77niZrgeJpcmKNv8BWEUyetRRYARaBk-nRzUFqSvJbTF1OdkneesuAJOHWSg0FVwamjEBJsviFJz/pub?output=csv&single=true&gid=1940925772","frontend/js/map-ce-regioes.js"
"Vínculo por escolaridade","Perfil Empresas","https://docs.google.com/spreadsheets/d/e/2PACX-1vRY77niZrgeJpcmKNv8BWEUyetRRYARaBk-nRzUFqSvJbTF1OdkneesuAJOHWSg0FVwamjEBJsviFJz/pub?output=csv&single=true&gid=1538511558","frontend/js/map-ce-regioes.js"
"Vínculo por sexo","Perfil Empresas","https://docs.google.com/spreadsheets/d/e/2PACX-1vRY77niZrgeJpcmKNv8BWEUyetRRYARaBk-nRzUFqSvJbTF1OdkneesuAJOHWSg0FVwamjEBJsviFJz/pub?output=csv&single=true&gid=101580331","frontend/js/map-ce-regioes.js"
"Intermediação (indicadores IDT)","Intermediação; Página Inicial","https://docs.google.com/spreadsheets/d/e/2PACX-1vQyc8fEsbFl47mk9a0w6iN3FXJQgSjkxURmb8R0_RzuhUuRde2NTxK_tbS5ZlWq7w84IAm3tHaRCpKn/pub?gid=0&single=true&output=csv","frontend/js/map-ce-regioes.js; frontend/js/home-intermediacao.js"
"Unidades do IDT (pontos)","Todas as abas do mapa (camada Unidades)","https://docs.google.com/spreadsheets/d/e/2PACX-1vS7dwfNsrFy3-jaaN_h6Tj3Xg6zggspg3-WHhAwYq1B-u54BS5rj-0AA88jKJCmMFzbtdVNp2Xj-zeM/pub?output=csv","frontend/js/map-ce-regioes.js"
"Vai Vem Trabalhador","Vai Vem; Página Inicial (programas)","https://docs.google.com/spreadsheets/d/e/2PACX-1vTG4lc2hb_XAenjE_ja8uQ5dzaAj9-b80hU_H1N0RvZ0jTQSXdkhEassrmQwUNryAqOeObP4C9ZhPHh/pub?gid=1946422191&single=true&output=csv","frontend/js/vai-vem.js; frontend/js/home-programs.js"
"Seguro Desemprego","Seguro Desemprego","https://docs.google.com/spreadsheets/d/e/2PACX-1vSqbXvr8i6RoTDsnQvV5HB35Su37BeBW8hWgIJa1HWiLZbzwhzH-Ke0rq-EqS_Jio9HY85L8uqxvrCa/pub?gid=0&single=true&output=csv","frontend/js/seguro-desemprego.js"
"Qualificação profissional","Qualificação; Página Inicial (programas)","https://docs.google.com/spreadsheets/d/e/2PACX-1vSX4leER0WfjxQAuMkPJR9O3mpi1r8XlBaL9ef0bVW7Pb8muKdyJrYB2RvpE5PqSEbCWIAyVj0Wh-L6/pub?gid=1427271035&single=true&output=csv","frontend/js/qualificacao.js; frontend/js/home-programs.js"
"Dinheiro na Mão","Dinheiro na Mão","https://docs.google.com/spreadsheets/d/e/2PACX-1vR0yUMqqyz-DqEIRgsdueFBAo-mfXDXpsvgSCsE3FwYrpIck2V2khuV0FS2SVnVpTX4EuCLjM1guRjH/pub?gid=122762647&single=true&output=csv","frontend/js/dinheiro-na-mao.js"
